0020	sp	SPACE	Uni.: 5.1; MUFI: 3.0
0021	excl	EXCLAMATION MARK	Uni.: 5.1; MUFI: 3.0
0022	quot	QUOTATION MARK	Uni.: 5.1; MUFI: 3.0
0023	num	NUMBER SIGN	Uni.: 5.1; MUFI: 3.0
0024	dollar	DOLLAR SIGN	Uni.: 5.1; MUFI: 3.0
0025	percnt	PERCENT SIGN	Uni.: 5.1; MUFI: 3.0
0026	amp	AMPERSAND	Uni.: 5.1; MUFI: 3.0
0027	apos	APOSTROPHE	Uni.: 5.1; MUFI: 3.0
0028	lpar	LEFT PARENTHESIS	Uni.: 5.1; MUFI: 3.0
0029	rpar	RIGHT PARENTHESIS	Uni.: 5.1; MUFI: 3.0
002A	ast	ASTERISK	Uni.: 5.1; MUFI: 3.0
002B	plus	PLUS SIGN	Uni.: 5.1; MUFI: 3.0
002C	comma	COMMA	Uni.: 5.1; MUFI: 3.0
002D	hyphen	HYPHEN-MINUS	Uni.: 5.1; MUFI: 3.0
002E	period	FULL STOP	Uni.: 5.1; MUFI: 3.0
002F	sol	SOLIDUS	Uni.: 5.1; MUFI: 3.0
003A	colon	COLON	Uni.: 5.1; MUFI: 3.0
003B	semi	SEMICOLON	Uni.: 5.1; MUFI: 3.0
003C	lt	LESS-THAN SIGN	Uni.: 5.1; MUFI: 3.0
003D	equals	EQUALS SIGN	Uni.: 5.1; MUFI: 3.0
003E	gt	GREATER-THAN SIGN	Uni.: 5.1; MUFI: 3.0
003F	quest	QUESTION MARK	Uni.: 5.1; MUFI: 3.0
0040	commat	COMMERCIAL AT	Uni.: 5.1; MUFI: 3.0
005B	lsqb	LEFT SQUARE BRACKET	Uni.: 5.1; MUFI: 3.0
005C	bsol	REVERSE SOLIDUS	Uni.: 5.1; MUFI: 3.0
005D	rsqb	RIGHT SQUARE BRACKET	Uni.: 5.1; MUFI: 3.0
005E	circ	CIRCUMFLEX ACCENT	Uni.: 5.1; MUFI: 3.0
005F	lowbar	LOW LINE	Uni.: 5.1; MUFI: 3.0
0060	grave	GRAVE ACCENT	Uni.: 5.1; MUFI: 3.0
007B	lcub	LEFT CURLY BRACKET	Uni.: 5.1; MUFI: 3.0
007C	verbar	VERTICAL LINE	Uni.: 5.1; MUFI: 3.0
007D	rcub	RIGHT CURLY BRACKET	Uni.: 5.1; MUFI: 3.0
007E	tld	TILDE	Uni.: 5.1; MUFI: 3.0
007F	del	DELETE	Uni.: ; MUFI: 4.0 auto
00A0	nbsp	NO-BREAK SPACE	Uni.: 5.1; MUFI: 3.0
00A1	iexcl	INVERTED EXCLAMATION MARK	Uni.: 5.1; MUFI: 3.0
00A2	cent	CENT SIGN	Uni.: 5.1; MUFI: 3.0
00A3	pound	POUND SIGN	Uni.: 5.1; MUFI: 3.0
00A4	curren	CURRENCY SIGN	Uni.: 5.1; MUFI: 3.0
00A5	yen	YEN SIGN	Uni.: 5.1; MUFI: 3.0
00A6	brvbar	BROKEN BAR	Uni.: 5.1; MUFI: 3.0
00A7	sect	SECTION SIGN	Uni.: 5.1; MUFI: 3.0
00A8	uml	DIAERESIS	Uni.: 5.1; MUFI: 3.0
00A9	copy	COPYRIGHT SIGN	Uni.: 5.1; MUFI: 3.0
00AA	ordf	FEMININE ORDINAL INDICATOR	Uni.: 5.1; MUFI: 3.0
00AB	laquo	LEFT-POINTING DOUBLE ANGLE QUOTATION MARK	Uni.: 5.1; MUFI: 3.0
00AC	not	NOT SIGN	Uni.: 5.1; MUFI: 3.0
00AD	shy	SOFT HYPHEN	Uni.: 5.1; MUFI: 3.0
00AE	reg	REGISTERED SIGN	Uni.: 5.1; MUFI: 3.0
00AF	macr	MACRON	Uni.: ; MUFI: 4.0 auto
00B0	deg	DEGREE SIGN	Uni.: 5.1; MUFI: 3.0
00B1	plusmn	PLUS-MINUS SIGN	Uni.: 5.1; MUFI: 3.0
00B2	sup2	SUPERSCRIPT TWO	Uni.: 5.1; MUFI: 3.0
00B3	sup3	SUPERSCRIPT THREE	Uni.: 5.1; MUFI: 3.0
00B4	acute	ACUTE ACCENT	Uni.: ; MUFI: 4.0 auto
00B5	micro	MICRO SIGN	Uni.: 5.1; MUFI: 3.0
00B6	para	PILCROW SIGN	Uni.: 5.1; MUFI: 3.0
00B7	middot	MIDDLE DOT	Uni.: 5.1; MUFI: 3.0
00B8	cedil	CEDILLA	Uni.: ; MUFI: 4.0 auto
00B9	sup1	SUPERSCRIPT ONE	Uni.: 5.1; MUFI: 3.0
00BA	ordm	MASCULINE ORDINAL INDICATOR	Uni.: 5.1; MUFI: 3.0
00BB	raquo	RIGHT-POINTING DOUBLE ANGLE QUOTATION MARK	Uni.: 5.1; MUFI: 3.0
00BC	frac14	VULGAR FRACTION ONE QUARTER	Uni.: 5.1; MUFI: 3.0
00BD	frac12	VULGAR FRACTION ONE HALF	Uni.: 5.1; MUFI: 3.0
00BE	frac34	VULGAR FRACTION THREE QUARTERS	Uni.: 5.1; MUFI: 3.0
00BF	iquest	INVERTED QUESTION MARK	Uni.: 5.1; MUFI: 3.0
00C0	Agrave	LATIN CAPITAL LETTER A WITH GRAVE	Uni.: 5.1; MUFI: 3.0
00C1	Aacute	LATIN CAPITAL LETTER A WITH ACUTE	Uni.: 5.1; MUFI: 3.0
00C2	Acirc	LATIN CAPITAL LETTER A WITH CIRCUMFLEX	Uni.: 5.1; MUFI: 3.0
00C3	Atilde	LATIN CAPITAL LETTER A WITH TILDE	Uni.: 5.1; MUFI: 3.0
00C4	Auml	LATIN CAPITAL LETTER A WITH DIAERESIS	Uni.: 5.1; MUFI: 3.0
00C5	Aring	LATIN CAPITAL LETTER A WITH RING ABOVE	Uni.: 5.1; MUFI: 3.0
00C6	AElig	LATIN CAPITAL LETTER AE	Uni.: 5.1; MUFI: 3.0
00C7	Ccedil	LATIN CAPITAL LETTER C WITH CEDILLA	Uni.: 5.1; MUFI: 3.0
00C8	Egrave	LATIN CAPITAL LETTER E WITH GRAVE	Uni.: 5.1; MUFI: 3.0
00C9	Eacute	LATIN CAPITAL LETTER E WITH ACUTE	Uni.: 5.1; MUFI: 3.0
00CA	Ecirc	LATIN CAPITAL LETTER E WITH CIRCUMFLEX	Uni.: 5.1; MUFI: 3.0
00CB	Euml	LATIN CAPITAL LETTER E WITH DIAERESIS	Uni.: 5.1; MUFI: 3.0
00CC	Igrave	LATIN CAPITAL LETTER I WITH GRAVE	Uni.: 5.1; MUFI: 3.0
00CD	Iacute	LATIN CAPITAL LETTER I WITH ACUTE	Uni.: 5.1; MUFI: 3.0
00CE	Icirc	LATIN CAPITAL LETTER I WITH CIRCUMFLEX	Uni.: 5.1; MUFI: 3.0
00CF	Iuml	LATIN CAPITAL LETTER I WITH DIAERESIS	Uni.: 5.1; MUFI: 3.0
00D0	ETH	LATIN CAPITAL LETTER ETH	Uni.: 5.1; MUFI: 3.0
00D1	Ntilde	LATIN CAPITAL LETTER N WITH TILDE	Uni.: 5.1; MUFI: 3.0
00D2	Ograve	LATIN CAPITAL LETTER O WITH GRAVE	Uni.: 5.1; MUFI: 3.0
00D3	Oacute	LATIN CAPITAL LETTER O WITH ACUTE	Uni.: 5.1; MUFI: 3.0
00D4	Ocirc	LATIN CAPITAL LETTER O WITH CIRCUMFLEX	Uni.: 5.1; MUFI: 3.0
00D5	Otilde	LATIN CAPITAL LETTER O WITH TILDE	Uni.: 5.1; MUFI: 3.0
00D6	Ouml	LATIN CAPITAL LETTER O WITH DIAERESIS	Uni.: 5.1; MUFI: 3.0
00D7	times	MULTIPLICATION SIGN	Uni.: 5.1; MUFI: 3.0
00D8	Oslash	LATIN CAPITAL LETTER O WITH STROKE	Uni.: 5.1; MUFI: 3.0
00D9	Ugrave	LATIN CAPITAL LETTER U WITH GRAVE	Uni.: 5.1; MUFI: 3.0
00DA	Uacute	LATIN CAPITAL LETTER U WITH ACUTE	Uni.: 5.1; MUFI: 3.0
00DB	Ucirc	LATIN CAPITAL LETTER U WITH CIRCUMFLEX	Uni.: 5.1; MUFI: 3.0
00DC	Uuml	LATIN CAPITAL LETTER U WITH DIAERESIS	Uni.: 5.1; MUFI: 3.0
00DD	Yacute	LATIN CAPITAL LETTER Y WITH ACUTE	Uni.: 5.1; MUFI: 3.0
00DE	THORN	LATIN CAPITAL LETTER THORN	Uni.: 5.1; MUFI: 3.0
00DF	szlig	LATIN SMALL LETTER SHARP S	Uni.: 5.1; MUFI: 3.0
00E0	agrave	LATIN SMALL LETTER A WITH GRAVE	Uni.: 5.1; MUFI: 3.0
00E1	aacute	LATIN SMALL LETTER A WITH ACUTE	Uni.: 5.1; MUFI: 3.0
00E2	acirc	LATIN SMALL LETTER A WITH CIRCUMFLEX	Uni.: 5.1; MUFI: 3.0
00E3	atilde	LATIN SMALL LETTER A WITH TILDE	Uni.: 5.1; MUFI: 3.0
00E4	auml	LATIN SMALL LETTER A WITH DIAERESIS	Uni.: 5.1; MUFI: 3.0
00E5	aring	LATIN SMALL LETTER A WITH RING ABOVE	Uni.: 5.1; MUFI: 3.0
00E6	aelig	LATIN SMALL LETTER AE	Uni.: 5.1; MUFI: 3.0
00E7	ccedil	LATIN SMALL LETTER C WITH CEDILLA	Uni.: 5.1; MUFI: 3.0
00E8	egrave	LATIN SMALL LETTER E WITH GRAVE	Uni.: 5.1; MUFI: 3.0
00E9	eacute	LATIN SMALL LETTER E WITH ACUTE	Uni.: 5.1; MUFI: 3.0
00EA	ecirc	LATIN SMALL LETTER E WITH CIRCUMFLEX	Uni.: 5.1; MUFI: 3.0
00EB	euml	LATIN SMALL LETTER E WITH DIAERESIS	Uni.: 5.1; MUFI: 3.0
00EC	igrave	LATIN SMALL LETTER I WITH GRAVE	Uni.: 5.1; MUFI: 3.0
00ED	iacute	LATIN SMALL LETTER I WITH ACUTE	Uni.: 5.1; MUFI: 3.0
00EE	icirc	LATIN SMALL LETTER I WITH CIRCUMFLEX	Uni.: 5.1; MUFI: 3.0
00EF	iuml	LATIN SMALL LETTER I WITH DIAERESIS	Uni.: 5.1; MUFI: 3.0
00F0	eth	LATIN SMALL LETTER ETH	Uni.: 5.1; MUFI: 3.0
00F1	ntilde	LATIN SMALL LETTER N WITH TILDE	Uni.: 5.1; MUFI: 3.0
00F2	ograve	LATIN SMALL LETTER O WITH GRAVE	Uni.: 5.1; MUFI: 3.0
00F3	oacute	LATIN SMALL LETTER O WITH ACUTE	Uni.: 5.1; MUFI: 3.0
00F4	ocirc	LATIN SMALL LETTER O WITH CIRCUMFLEX	Uni.: 5.1; MUFI: 3.0
00F5	otilde	LATIN SMALL LETTER O WITH TILDE	Uni.: 5.1; MUFI: 3.0
00F6	ouml	LATIN SMALL LETTER O WITH DIAERESIS	Uni.: 5.1; MUFI: 3.0
00F7	divide	DIVISION SIGN	Uni.: 5.1; MUFI: 3.0
00F8	oslash	LATIN SMALL LETTER O WITH STROKE	Uni.: 5.1; MUFI: 3.0
00F9	ugrave	LATIN SMALL LETTER U WITH GRAVE	Uni.: 5.1; MUFI: 3.0
00FA	uacute	LATIN SMALL LETTER U WITH ACUTE	Uni.: 5.1; MUFI: 3.0
00FB	ucirc	LATIN SMALL LETTER U WITH CIRCUMFLEX	Uni.: 5.1; MUFI: 3.0
00FC	uuml	LATIN SMALL LETTER U WITH DIAERESIS	Uni.: 5.1; MUFI: 3.0
00FD	yacute	LATIN SMALL LETTER Y WITH ACUTE	Uni.: 5.1; MUFI: 3.0
00FE	thorn	LATIN SMALL LETTER THORN	Uni.: 5.1; MUFI: 3.0
00FF	yuml	LATIN SMALL LETTER Y WITH DIAERESIS	Uni.: 5.1; MUFI: 3.0
0100	Amacr	LATIN CAPITAL LETTER A WITH MACRON	Uni.: 5.1; MUFI: 3.0
0101	amacr	LATIN SMALL LETTER A WITH MACRON	Uni.: 5.1; MUFI: 3.0
0102	Abreve	LATIN CAPITAL LETTER A WITH BREVE	Uni.: 5.1; MUFI: 3.0
0103	abreve	LATIN SMALL LETTER A WITH BREVE	Uni.: 5.1; MUFI: 3.0
0104	Aogon	LATIN CAPITAL LETTER A WITH OGONEK	Uni.: 5.1; MUFI: 3.0
0105	aogon	LATIN SMALL LETTER A WITH OGONEK	Uni.: 5.1; MUFI: 3.0
0106	Cacute	LATIN CAPITAL LETTER C WITH ACUTE	Uni.: 5.1; MUFI: 3.0
0107	cacute	LATIN SMALL LETTER C WITH ACUTE	Uni.: 5.1; MUFI: 3.0
010A	Cdot	LATIN CAPITAL LETTER C WITH DOT ABOVE	Uni.: 5.1; MUFI: 3.0
010B	cdot	LATIN SMALL LETTER C WITH DOT ABOVE	Uni.: 5.1; MUFI: 3.0
0110	Dstrok	LATIN CAPITAL LETTER D WITH STROKE	Uni.: 5.1; MUFI: 3.0
0111	dstrok	LATIN SMALL LETTER D WITH STROKE	Uni.: 5.1; MUFI: 3.0
0112	Emacr	LATIN CAPITAL LETTER E WITH MACRON	Uni.: 5.1; MUFI: 3.0
0113	emacr	LATIN SMALL LETTER E WITH MACRON	Uni.: 5.1; MUFI: 3.0
0114	Ebreve	LATIN CAPITAL LETTER E WITH BREVE	Uni.: 5.1; MUFI: 3.0
0115	ebreve	LATIN SMALL LETTER E WITH BREVE	Uni.: 5.1; MUFI: 3.0
0116	Edot	LATIN CAPITAL LETTER E WITH DOT ABOVE	Uni.: 5.1; MUFI: 3.0
0117	edot	LATIN SMALL LETTER E WITH DOT ABOVE	Uni.: 5.1; MUFI: 3.0
0118	Eogon	LATIN CAPITAL LETTER E WITH OGONEK	Uni.: 5.1; MUFI: 3.0
0119	eogon	LATIN SMALL LETTER E WITH OGONEK	Uni.: 5.1; MUFI: 3.0
0120	Gdot	LATIN CAPITAL LETTER G WITH DOT ABOVE	Uni.: 5.1; MUFI: 3.0
0121	gdot	LATIN SMALL LETTER G WITH DOT ABOVE	Uni.: 5.1; MUFI: 3.0
0127	hstrok	LATIN SMALL LETTER H WITH STROKE	Uni.: 5.1; MUFI: 3.0
012A	Imacr	LATIN CAPITAL LETTER I WITH MACRON	Uni.: 5.1; MUFI: 3.0
012B	imacr	LATIN SMALL LETTER I WITH MACRON	Uni.: 5.1; MUFI: 3.0
012C	Ibreve	LATIN CAPITAL LETTER I WITH BREVE	Uni.: 5.1; MUFI: 3.0
012D	ibreve	LATIN SMALL LETTER I WITH BREVE	Uni.: 5.1; MUFI: 3.0
012E	Iogon	LATIN CAPITAL LETTER I WITH OGONEK	Uni.: 5.1; MUFI: 3.0
012F	iogon	LATIN SMALL LETTER I WITH OGONEK	Uni.: 5.1; MUFI: 3.0
0130	Idot	LATIN CAPITAL LETTER I WITH DOT ABOVE	Uni.: 5.1; MUFI: 3.0
0131	inodot	LATIN SMALL LETTER DOTLESS I	Uni.: 5.1; MUFI: 3.0
0132	IJlig	LATIN CAPITAL LIGATURE IJ	Uni.: 5.1; MUFI: 3.0	IJ
0133	ijlig	LATIN SMALL LIGATURE IJ	Uni.: 5.1; MUFI: 3.0	ij
0139	Lacute	LATIN CAPITAL LETTER L WITH ACUTE	Uni.: 5.1; MUFI: 3.0
013A	lacute	LATIN SMALL LETTER L WITH ACUTE	Uni.: 5.1; MUFI: 3.0
0141	Lstrok	LATIN CAPITAL LETTER L WITH STROKE	Uni.: 5.1; MUFI: 3.0
0142	lstrok	LATIN SMALL LETTER L WITH STROKE	Uni.: 5.1; MUFI: 3.0
0143	Nacute	LATIN CAPITAL LETTER N WITH ACUTE	Uni.: 5.1; MUFI: 3.0
0144	nacute	LATIN SMALL LETTER N WITH ACUTE	Uni.: 5.1; MUFI: 3.0
014A	ENG	LATIN CAPITAL LETTER ENG	Uni.: 5.1; MUFI: 3.0
014B	eng	LATIN SMALL LETTER ENG	Uni.: 5.1; MUFI: 3.0
014C	Omacr	LATIN CAPITAL LETTER O WITH MACRON	Uni.: 5.1; MUFI: 3.0
014D	omacr	LATIN SMALL LETTER O WITH MACRON	Uni.: 5.1; MUFI: 3.0
014E	Obreve	LATIN CAPITAL LETTER O WITH BREVE	Uni.: 5.1; MUFI: 3.0
014F	obreve	LATIN SMALL LETTER O WITH BREVE	Uni.: 5.1; MUFI: 3.0
0150	Odblac	LATIN CAPITAL LETTER O WITH DOUBLE ACUTE	Uni.: 5.1; MUFI: 3.0
0151	odblac	LATIN SMALL LETTER O WITH DOUBLE ACUTE	Uni.: 5.1; MUFI: 3.0
0152	OElig	LATIN CAPITAL LIGATURE OE	Uni.: 5.1; MUFI: 3.0
0153	oelig	LATIN SMALL LIGATURE OE	Uni.: 5.1; MUFI: 3.0
0154	Racute	LATIN CAPITAL LETTER R WITH ACUTE	Uni.: 5.1; MUFI: 3.0
0155	racute	LATIN SMALL LETTER R WITH ACUTE	Uni.: 5.1; MUFI: 3.0
015A	Sacute	LATIN CAPITAL LETTER S WITH ACUTE	Uni.: 5.1; MUFI: 3.0
015B	sacute	LATIN SMALL LETTER S WITH ACUTE	Uni.: 5.1; MUFI: 3.0
016A	Umacr	LATIN CAPITAL LETTER U WITH MACRON	Uni.: 5.1; MUFI: 3.0
016B	umacr	LATIN SMALL LETTER U WITH MACRON	Uni.: 5.1; MUFI: 3.0
016C	Ubreve	LATIN CAPITAL LETTER U WITH BREVE	Uni.: 5.1; MUFI: 3.0
016D	ubreve	LATIN SMALL LETTER U WITH BREVE	Uni.: 5.1; MUFI: 3.0
016E	Uring	LATIN CAPITAL LETTER U WITH RING ABOVE	Uni.: 5.1; MUFI: 3.0
016F	uring	LATIN SMALL LETTER U WITH RING ABOVE	Uni.: 5.1; MUFI: 3.0
0170	Udblac	LATIN CAPITAL LETTER U WITH DOUBLE ACUTE	Uni.: 5.1; MUFI: 3.0
0171	udblac	LATIN SMALL LETTER U WITH DOUBLE ACUTE	Uni.: 5.1; MUFI: 3.0
0172	Uogon	LATIN CAPITAL LETTER U WITH OGONEK	Uni.: 5.1; MUFI: 3.0
0173	uogon	LATIN SMALL LETTER U WITH OGONEK	Uni.: 5.1; MUFI: 3.0
0174	Wcirc	LATIN CAPITAL LETTER W WITH CIRCUMFLEX	Uni.: 5.1; MUFI: 3.0
0175	wcirc	LATIN SMALL LETTER W WITH CIRCUMFLEX	Uni.: 5.1; MUFI: 3.0
0176	Ycirc	LATIN CAPITAL LETTER Y WITH CIRCUMFLEX	Uni.: 5.1; MUFI: 3.0
0177	ycirc	LATIN SMALL LETTER Y WITH CIRCUMFLEX	Uni.: 5.1; MUFI: 3.0
0178	Yuml	LATIN CAPITAL LETTER Y WITH DIAERESIS	Uni.: 5.1; MUFI: 3.0
017B	Zdot	LATIN CAPITAL LETTER Z WITH DOT ABOVE	Uni.: 5.1; MUFI: 3.0
017C	zdot	LATIN SMALL LETTER Z WITH DOT ABOVE	Uni.: 5.1; MUFI: 3.0
017F	slong	LATIN SMALL LETTER LONG S	Uni.: 5.1; MUFI: 3.0
0180	bstrok	LATIN SMALL LETTER B WITH STROKE	Uni.: 5.1; MUFI: 3.0
0195	hwair	LATIN SMALL LETTER HV	Uni.: 5.1; MUFI: 3.0
0199	khook	LATIN SMALL LETTER K WITH HOOK	Uni.: 5.1; MUFI: 3.0
019A	lbar	LATIN SMALL LETTER L WITH BAR	Uni.: 5.1; MUFI: 3.0
019C	Mturn	LATIN CAPITAL LETTER TURNED M	Uni.: ; MUFI: 4.0
019E	nlrleg	LATIN SMALL LETTER N WITH LONG RIGHT LEG	Uni.: 5.1; MUFI: 3.0
01A6	YR	LATIN LETTER YR	Uni.: 5.1; MUFI: 3.0
01B5	Zstrok	LATIN CAPITAL LETTER Z WITH STROKE	Uni.: 5.1; MUFI: 3.0
01B6	zstrok	LATIN SMALL LETTER Z WITH STROKE	Uni.: 5.1; MUFI: 3.0
01B7	EZH	LATIN CAPITAL LETTER EZH	Uni.: 5.1; MUFI: 3.0
01BF	wynn	LATIN LETTER WYNN	Uni.: 5.1; MUFI: 3.0
01D1	Ocar	LATIN CAPITAL LETTER O WITH CARON	Uni.: 5.1; MUFI: 3.0
01D2	ocar	LATIN SMALL LETTER O WITH CARON	Uni.: 5.1; MUFI: 3.0
01D3	Ucar	LATIN CAPITAL LETTER U WITH CARON	Uni.: 5.1; MUFI: 3.0
01D4	ucar	LATIN SMALL LETTER U WITH CARON	Uni.: 5.1; MUFI: 3.0
01D5	Uumlmacr	LATIN CAPITAL LETTER U WITH DIAERESIS AND MACRON	Uni.: 5.1; MUFI: 3.0
01D6	uumlmacr	LATIN SMALL LETTER U WITH DIAERESIS AND MACRON	Uni.: 5.1; MUFI: 3.0
01E2	AEligmacr	LATIN CAPITAL LETTER AE WITH MACRON	Uni.: 5.1; MUFI: 3.0
01E3	aeligmacr	LATIN SMALL LETTER AE WITH MACRON	Uni.: 5.1; MUFI: 3.0
01E4	Gstrok	LATIN CAPITAL LETTER G WITH STROKE	Uni.: 5.1; MUFI: 3.0
01E5	gstrok	LATIN SMALL LETTER G WITH STROKE	Uni.: 5.1; MUFI: 3.0
01EA	Oogon	LATIN CAPITAL LETTER O WITH OGONEK	Uni.: 5.1; MUFI: 3.0
01EB	oogon	LATIN SMALL LETTER O WITH OGONEK	Uni.: 5.1; MUFI: 3.0
01EC	Oogonmacr	LATIN CAPITAL LETTER O WITH OGONEK AND MACRON	Uni.: 5.1; MUFI: 3.0
01ED	oogonmacr	LATIN SMALL LETTER O WITH OGONEK AND MACRON	Uni.: 5.1; MUFI: 3.0
01F4	Gacute	LATIN CAPITAL LETTER G WITH ACUTE	Uni.: 5.1; MUFI: 3.0
01F5	gacute	LATIN SMALL LETTER G WITH ACUTE	Uni.: 5.1; MUFI: 3.0
01F6	HWAIR	LATIN CAPITAL LETTER HWAIR	Uni.: 5.1; MUFI: 3.0
01F7	WYNN	LATIN CAPITAL LETTER WYNN	Uni.: 5.1; MUFI: 3.0
01FC	AEligacute	LATIN CAPITAL LETTER AE WITH ACUTE	Uni.: 5.1; MUFI: 3.0
01FD	aeligacute	LATIN SMALL LETTER AE WITH ACUTE	Uni.: 5.1; MUFI: 3.0
01FE	Oslashacute	LATIN CAPITAL LETTER O WITH STROKE AND ACUTE	Uni.: 5.1; MUFI: 3.0
01FF	oslashacute	LATIN SMALL LETTER O WITH STROKE AND ACUTE	Uni.: 5.1; MUFI: 3.0
021C	YOGH	LATIN CAPITAL LETTER YOGH	Uni.: 5.1; MUFI: 3.0
021D	yogh	LATIN SMALL LETTER YOGH	Uni.: 5.1; MUFI: 3.0
0226	Adot	LATIN CAPITAL LETTER A WITH DOT ABOVE	Uni.: 5.1; MUFI: 3.0
0227	adot	LATIN SMALL LETTER A WITH DOT ABOVE	Uni.: 5.1; MUFI: 3.0
022A	Oumlmacr	LATIN CAPITAL LETTER O WITH DIAERESIS AND MACRON	Uni.: 5.1; MUFI: 3.0
022B	oumlmacr	LATIN SMALL LETTER O WITH DIAERESIS AND MACRON	Uni.: 5.1; MUFI: 3.0
022E	Odot	LATIN CAPITAL LETTER O WITH DOT ABOVE	Uni.: 5.1; MUFI: 3.0
022F	odot	LATIN SMALL LETTER O WITH DOT ABOVE	Uni.: 5.1; MUFI: 3.0
0232	Ymacr	LATIN CAPITAL LETTER Y WITH MACRON	Uni.: 5.1; MUFI: 3.0
0233	ymacr	LATIN SMALL LETTER Y WITH MACRON	Uni.: 5.1; MUFI: 3.0
0237	jnodot	LATIN SMALL LETTER DOTLESS J	Uni.: 5.1; MUFI: 3.0
0248	Jbar	LATIN CAPITAL LETTER J WITH STROKE	Uni.: 5.1; MUFI: 3.0
0249	jbar	LATIN SMALL LETTER J WITH STROKE	Uni.: 5.1; MUFI: 3.0
0254	oopen	LATIN SMALL LETTER OPEN O	Uni.: 5.1; MUFI: 3.0
0256	dtail	LATIN SMALL LETTER D WITH TAIL	Uni.: 5.1; MUFI: 3.0
0259	schwa	LATIN SMALL LETTER SCHWA	Uni.: 5.1; MUFI: 3.0
025F	jnodotstrok	LATIN SMALL LETTER DOTLESS J WITH STROKE	Uni.: 5.1; MUFI: 3.0
0261	gopen	LATIN SMALL LETTER SCRIPT G	Uni.: 5.1; MUFI: 3.0
0262	gscap	LATIN LETTER SMALL CAPITAL G	Uni.: 5.1; MUFI: 3.0
0266	hhook	LATIN SMALL LETTER H WITH HOOK	Uni.: 5.1; MUFI: 3.0
0268	istrok	LATIN SMALL LETTER I WITH STROKE	Uni.: 5.1; MUFI: 3.0
026A	iscap	LATIN LETTER SMALL CAPITAL I	Uni.: 5.1; MUFI: 3.0
026F	mturn	LATIN SMALL LETTER TURNED M	Uni.: ; MUFI: 4.0
0272	nlfhook	LATIN SMALL LETTER N WITH LEFT HOOK	Uni.: 5.1; MUFI: 3.0
0274	nscap	LATIN LETTER SMALL CAPITAL N	Uni.: 5.1; MUFI: 3.0
0276	oeligscap	LATIN LETTER SMALL CAPITAL OE	Uni.: 5.1; MUFI: 3.0
027C	rdes	LATIN SMALL LETTER R WITH LONG LEG	Uni.: 5.1; MUFI: 3.0
0280	rscap	LATIN LETTER SMALL CAPITAL R	Uni.: 5.1; MUFI: 3.0
0289	ubar	LATIN SMALL LETTER U BAR	Uni.: 5.1; MUFI: 3.0
028F	yscap	LATIN LETTER SMALL CAPITAL Y	Uni.: 5.1; MUFI: 3.0
0292	ezh	LATIN SMALL LETTER EZH	Uni.: 5.1; MUFI: 3.0
0299	bscap	LATIN LETTER SMALL CAPITAL B	Uni.: 5.1; MUFI: 3.0
029C	hscap	LATIN LETTER SMALL CAPITAL H	Uni.: 5.1; MUFI: 3.0
029F	lscap	LATIN LETTER SMALL CAPITAL L	Uni.: 5.1; MUFI: 3.0
02BC	apomod	MODIFIER LETTER APOSTROPHE	Uni.: 5.1; MUFI: 3.0
02C8	verbarup	MODIFIER LETTER VERTICAL LINE	Uni.: 5.1; MUFI: 3.0
02D8	breve	BREVE	Uni.: 5.1; MUFI: 3.0
02D9	dot	DOT ABOVE	Uni.: 5.1; MUFI: 3.0
02DA	ring	RING ABOVE	Uni.: 5.1; MUFI: 3.0
02DB	ogon	OGONEK	Uni.: 5.1; MUFI: 3.0
02DC	tilde	SMALL TILDE	Uni.: 5.1; MUFI: 3.0
02DD	dblac	DOUBLE ACUTE ACCENT	Uni.: 5.1; MUFI: 3.0
02E3	xmod	MODIFIER LETTER SMALL X	Uni.: 5.1; MUFI: 3.0
0300	combgrave	COMBINING GRAVE ACCENT	Uni.: 5.1; MUFI: 3.0
0301	combacute	COMBINING ACUTE ACCENT	Uni.: 5.1; MUFI: 3.0
0302	combcirc	COMBINING CIRCUMFLEX ACCENT	Uni.: 5.1; MUFI: 3.0
0303	combtilde	COMBINING TILDE	Uni.: 5.1; MUFI: 3.0
0304	combmacr	COMBINING MACRON	Uni.: 5.1; MUFI: 3.0
0305	bar	COMBINING OVERLINE	Uni.: 5.1; MUFI: 3.0
0306	combbreve	COMBINING BREVE	Uni.: 5.1; MUFI: 3.0
0307	combdot	COMBINING DOT ABOVE	Uni.: 5.1; MUFI: 3.0
0308	combuml	COMBINING DIAERESIS	Uni.: 5.1; MUFI: 3.0
0309	combhook	COMBINING HOOK ABOVE	Uni.: 5.1; MUFI: 3.0
030A	combring	COMBINING RING ABOVE	Uni.: 5.1; MUFI: 3.0
030B	combdblac	COMBINING DOUBLE ACUTE ACCENT	Uni.: 5.1; MUFI: 3.0
030D	combsgvertl	COMBINING VERTICAL LINE ABOVE	Uni.: 5.1; MUFI: 3.0
030E	combdbvertl	COMBINING DOUBLE VERTICAL LINE ABOVE	Uni.: 5.1; MUFI: 3.0
0315	combcomma	COMBINING COMMA ABOVE RIGHT	Uni.: 5.1; MUFI: 3.0
0323	combdotbl	COMBINING DOT BELOW	Uni.: 5.1; MUFI: 3.0
0327	combced	COMBINING CEDILLA	Uni.: 5.1; MUFI: 3.0
0328	combogon	COMBINING OGONEK	Uni.: 5.1; MUFI: 3.0
0332	barbl	COMBINING LOW LINE	Uni.: 5.1; MUFI: 3.0
0333	dblbarbl	COMBINING DOUBLE LOW LINE	Uni.: 5.1; MUFI: 3.0
0336	baracr	COMBINING LONG STROKE OVERLAY	Uni.: 5.1; MUFI: 3.0
033E	combtildevert	COMBINING VERTICAL TILDE	Uni.: 5.1; MUFI: 3.0
033F	dblovl	COMBINING DOUBLE OVERLINE	Uni.: 5.1; MUFI: 3.0
0359	combastbl	COMBINING ASTERISK BELOW	Uni.: 5.1; MUFI: 3.0
035B	er	COMBINING ZIGZAG ABOVE	Uni.: 5.1; MUFI: 3.0
035C	combdblbrevebl	COMBINING DOUBLE BREVE BELOW	Uni.: 5.1; MUFI: 3.0
0363	asup	COMBINING LATIN SMALL LETTER A	Uni.: 5.1; MUFI: 3.0
0364	esup	COMBINING LATIN SMALL LETTER E	Uni.: 5.1; MUFI: 3.0
0365	isup	COMBINING LATIN SMALL LETTER I	Uni.: 5.1; MUFI: 3.0
0366	osup	COMBINING LATIN SMALL LETTER O	Uni.: 5.1; MUFI: 3.0
0367	usup	COMBINING LATIN SMALL LETTER U	Uni.: 5.1; MUFI: 3.0
0368	csup	COMBINING LATIN SMALL LETTER C	Uni.: 5.1; MUFI: 3.0
0369	dsup	COMBINING LATIN SMALL LETTER D	Uni.: 5.1; MUFI: 3.0
036A	hsup	COMBINING LATIN SMALL LETTER H	Uni.: 5.1; MUFI: 3.0
036B	msup	COMBINING LATIN SMALL LETTER M	Uni.: 5.1; MUFI: 3.0
036C	rsup	COMBINING LATIN SMALL LETTER R	Uni.: 5.1; MUFI: 3.0
036D	tsup	COMBINING LATIN SMALL LETTER T	Uni.: 5.1; MUFI: 3.0
036E	vsup	COMBINING LATIN SMALL LETTER V	Uni.: 5.1; MUFI: 3.0
036F	xsup	COMBINING LATIN SMALL LETTER X	Uni.: 5.1; MUFI: 3.0
0398	Theta	GREEK CAPITAL LETTER THETA	Uni.: 5.1; MUFI: 3.0
03B8	theta	GREEK SMALL LETTER THETA	Uni.: 5.1; MUFI: 3.0
1019A	romas	ROMAN AS SIGN	Uni.: 5.1; MUFI: 3.0
10190	sextans	ROMAN SEXTANS SIGN	Uni.: 5.1; MUFI: 3.0
10191	romunc	ROMAN UNCIA SIGN	Uni.: 5.1; MUFI: 3.0
10192	romsemunc	ROMAN SEMIUNCIA SIGN	Uni.: 5.1; MUFI: 3.0
10193	romsext	ROMAN SEXTULA SIGN	Uni.: 5.1; MUFI: 3.0
10194	romdimsext	ROMAN DIMIDIA SEXTULA SIGN	Uni.: 5.1; MUFI: 3.0
10195	romsiliq	ROMAN SILIQUA SIGN	Uni.: 5.1; MUFI: 3.0
10196	romXbar	LATIN CAPITAL LETTER X WITH BAR	Uni.: 5.1; MUFI: 3.0
10197	romquin	ROMAN QUINARIUS SIGN	Uni.: 5.1; MUFI: 3.0
10198	sestert	SESTERTIA SIGN	Uni.: 5.1; MUFI: 3.0
10199	romdupond	ROMAN DUPONDIUS SIGN	Uni.: 5.1; MUFI: 3.0
10FB	tridotright	GEORGIAN PARAGRAPH SEPARATOR	Uni.: 5.1; MUFI: 3.0
16A0	fMedrun	RUNIC LETTER FEHU FEOH FE F	Uni.: 5.1; MUFI: 3.0
16A1		RUNIC LETTER V	Uni.: 5.1; MUFI: RUFI 0.1
16A2		RUNIC LETTER URUZ UR U	Uni.: 7.0; MUFI: RUFI 0.1
16A3		RUNIC LETTER YR	Uni.: 7.0; MUFI: RUFI 0.1
16A4		RUNIC LETTER Y	Uni.: 7.0; MUFI: RUFI 0.1
16A5		RUNIC LETTER W	Uni.: 7.0; MUFI: RUFI 0.1
16A6		RUNIC LETTER THURISAZ THURS THORN	Uni.: 7.0; MUFI: RUFI 0.1
16A7		RUNIC LETTER ETH	Uni.: 7.0; MUFI: RUFI 0.1
16A8		RUNIC LETTER ANSUZ A	Uni.: 7.0; MUFI: RUFI 0.1
16D8	mMedrun	RUNIC MEDIEVAL LETTER M	Uni.: 5.1; MUFI: 3.0
1D00	ascap	LATIN LETTER SMALL CAPITAL A	Uni.: 5.1; MUFI: 3.0
1D01	aeligscap	LATIN LETTER SMALL CAPITAL AE	Uni.: 5.1; MUFI: 3.0
1D04	cscap	LATIN LETTER SMALL CAPITAL C	Uni.: 5.1; MUFI: 3.0
1D05	dscap	LATIN LETTER SMALL CAPITAL D	Uni.: 5.1; MUFI: 3.0
1D06	ethscap	LATIN LETTER SMALL CAPITAL ETH	Uni.: 5.1; MUFI: 3.0
1D07	escap	LATIN LETTER SMALL CAPITAL E	Uni.: 5.1; MUFI: 3.0
1D0A	jscap	LATIN LETTER SMALL CAPITAL J	Uni.: 5.1; MUFI: 3.0
1D0B	kscap	LATIN LETTER SMALL CAPITAL K	Uni.: 5.1; MUFI: 3.0
1D0D	mscap	LATIN LETTER SMALL CAPITAL M	Uni.: 5.1; MUFI: 3.0
1D0F	oscap	LATIN LETTER SMALL CAPITAL O	Uni.: 5.1; MUFI: 3.0
1D18	pscap	LATIN LETTER SMALL CAPITAL P	Uni.: 5.1; MUFI: 3.0
1D1B	tscap	LATIN LETTER SMALL CAPITAL T	Uni.: 5.1; MUFI: 3.0
1D1C	uscap	LATIN LETTER SMALL CAPITAL U	Uni.: 5.1; MUFI: 3.0
1D20	vscap	LATIN LETTER SMALL CAPITAL V	Uni.: 5.1; MUFI: 3.0
1D21	wscap	LATIN LETTER SMALL CAPITAL W	Uni.: 5.1; MUFI: 3.0
1D22	zscap	LATIN LETTER SMALL CAPITAL Z	Uni.: 5.1; MUFI: 3.0
1D35	Imod	MODIFIER CAPITAL LETTER I	Uni.: 5.1; MUFI: 3.0
1D6B	uelig	LATIN SMALL LETTER UE	Uni.: ; MUFI: 4.0 auto
1D79	gins	LATIN SMALL LETTER INSULAR G	Uni.: 5.1; MUFI: 3.0
1DCD	combcircdbl	COMBINING DOUBLE CIRCUMFLEX ABOVE	Uni.: 5.1; MUFI: 3.0
1DCE	combcurl	COMBINING OGONEK ABOVE	Uni.: 5.1; MUFI: 3.0
1DCF	ersub	COMBINING ZIGZAG BELOW	Uni.: 5.1; MUFI: 3.0
1DD0	combisbelow	COMBINING IS BELOW	Uni.: 5.1; MUFI: 3.0
1DD1	ur	COMBINING UR ABOVE	Uni.: 5.1; MUFI: 3.0
1DD2	us	COMBINING US ABOVE	Uni.: 5.1; MUFI: 3.0
1DD3	ra	COMBINING LATIN SMALL LETTER FLATTENED OPEN A ABOVE	Uni.: 5.1; MUFI: 3.0
1DD4	aeligsup	COMBINING LATIN SMALL LETTER AE	Uni.: 5.1; MUFI: 3.0
1DD5	aoligsup	COMBINING LATIN SMALL LIGATURE AO	Uni.: 5.1; MUFI: 3.0
1DD6	avligsup	COMBINING LATIN SMALL LIGATURE AV	Uni.: 5.1; MUFI: 3.0
1DD7	ccedilsup	COMBINING LATIN SMALL LETTER C CEDILLA	Uni.: 5.1; MUFI: 3.0
1DD8	drotsup	COMBINING LATIN LETTER INSULAR D	Uni.: 5.1; MUFI: 3.0
1DD9	ethsup	COMBINING LATIN SMALL LETTER ETH	Uni.: 5.1; MUFI: 3.0
1DDA	gsup	COMBINING LATIN SMALL LETTER G	Uni.: 5.1; MUFI: 3.0
1DDB	gscapsup	COMBINING LATIN LETTER SMALL CAPITAL G	Uni.: 5.1; MUFI: 3.0
1DDC	ksup	COMBINING LATIN SMALL LETTER K	Uni.: 5.1; MUFI: 3.0
1DDD	lsup	COMBINING LATIN SMALL LETTER L	Uni.: 5.1; MUFI: 3.0
1DDE	lscapsup	COMBINING LATIN LETTER SMALL CAPITAL L	Uni.: 5.1; MUFI: 3.0
1DDF	mscapsup	COMBINING LATIN LETTER SMALL CAPITAL M	Uni.: 5.1; MUFI: 3.0
1DE0	nsup	COMBINING LATIN SMALL LETTER N	Uni.: 5.1; MUFI: 3.0
1DE1	nscapsup	COMBINING LATIN LETTER SMALL CAPITAL N	Uni.: 5.1; MUFI: 3.0
1DE2	rscapsup	COMBINING LATIN LETTER SMALL CAPITAL R	Uni.: 5.1; MUFI: 3.0
1DE3	rrotsup	COMBINING LATIN SMALL LETTER R ROTUNDA	Uni.: 5.1; MUFI: 3.0
1DE4	ssup	COMBINING LATIN SMALL LETTER S	Uni.: 5.1; MUFI: 3.0
1DE5	slongsup	COMBINING LATIN SMALL LETTER LONG S	Uni.: 5.1; MUFI: 3.0
1DE6	zsup	COMBINING LATIN SMALL LETTER Z	Uni.: 5.1; MUFI: 3.0
1E02	Bdot	LATIN CAPITAL LETTER B WITH DOT ABOVE	Uni.: 5.1; MUFI: 3.0
1E03	bdot	LATIN SMALL LETTER B WITH DOT ABOVE	Uni.: 5.1; MUFI: 3.0
1E04	Bdotbl	LATIN CAPITAL LETTER B WITH DOT BELOW	Uni.: 5.1; MUFI: 3.0
1E05	bdotbl	LATIN SMALL LETTER B WITH DOT BELOW	Uni.: 5.1; MUFI: 3.0
1E0A	Ddot	LATIN CAPITAL LETTER D WITH DOT ABOVE	Uni.: 5.1; MUFI: 3.0
1E0B	ddot	LATIN SMALL LETTER D WITH DOT ABOVE	Uni.: 5.1; MUFI: 3.0
1E0C	Ddotbl	LATIN CAPITAL LETTER D WITH DOT BELOW	Uni.: 5.1; MUFI: 3.0
1E0D	ddotbl	LATIN SMALL LETTER D WITH DOT BELOW	Uni.: 5.1; MUFI: 3.0
1E16	Emacracute	LATIN CAPITAL LETTER E WITH MACRON AND ACUTE	Uni.: 5.1; MUFI: 3.0
1E17	emacracute	LATIN SMALL LETTER E WITH MACRON AND ACUTE	Uni.: 5.1; MUFI: 3.0
1E1E	Fdot	LATIN CAPITAL LETTER F WITH DOT ABOVE	Uni.: 5.1; MUFI: 3.0
1E1F	fdot	LATIN SMALL LETTER F WITH DOT ABOVE	Uni.: 5.1; MUFI: 3.0
1E22	hdot	LATIN SMALL LETTER H WITH DOT ABOVE	Uni.: 5.1; MUFI: 3.0
1E23	Hdot	LATIN CAPITAL LETTER H WITH DOT ABOVE	Uni.: 5.1; MUFI: 3.0
1E24	Hdotbl	LATIN CAPITAL LETTER H WITH DOT BELOW	Uni.: 5.1; MUFI: 3.0
1E25	hdotbl	LATIN SMALL LETTER H WITH DOT BELOW	Uni.: 5.1; MUFI: 3.0
1E30	Kacute	LATIN CAPITAL LETTER K WITH ACUTE	Uni.: 5.1; MUFI: 3.0
1E31	kacute	LATIN SMALL LETTER K WITH ACUTE	Uni.: 5.1; MUFI: 3.0
1E32	Kdotbl	LATIN CAPITAL LETTER K WITH DOT BELOW	Uni.: 5.1; MUFI: 3.0
1E33	kdotbl	LATIN SMALL LETTER K WITH DOT BELOW	Uni.: 5.1; MUFI: 3.0
1E36	Ldotbl	LATIN CAPITAL LETTER L WITH DOT BELOW	Uni.: 5.1; MUFI: 3.0
1E37	ldotbl	LATIN SMALL LETTER L WITH DOT BELOW	Uni.: 5.1; MUFI: 3.0
1E3E	Macute	LATIN CAPITAL LETTER M WITH ACUTE	Uni.: 5.1; MUFI: 3.0
1E3F	macute	LATIN SMALL LETTER M WITH ACUTE	Uni.: 5.1; MUFI: 3.0
1E40	Mdot	LATIN CAPITAL LETTER M WITH DOT ABOVE	Uni.: 5.1; MUFI: 3.0
1E41	mdot	LATIN SMALL LETTER M WITH DOT ABOVE	Uni.: 5.1; MUFI: 3.0
1E42	Mdotbl	LATIN CAPITAL LETTER M WITH DOT BELOW	Uni.: 5.1; MUFI: 3.0
1E43	mdotbl	LATIN SMALL LETTER M WITH DOT BELOW	Uni.: 5.1; MUFI: 3.0
1E44	Ndot	LATIN CAPITAL LETTER N WITH DOT ABOVE	Uni.: 5.1; MUFI: 3.0
1E45	ndot	LATIN SMALL LETTER N WITH DOT ABOVE	Uni.: 5.1; MUFI: 3.0
1E46	Ndotbl	LATIN CAPITAL LETTER N WITH DOT BELOW	Uni.: 5.1; MUFI: 3.0
1E47	ndotbl	LATIN SMALL LETTER N WITH DOT BELOW	Uni.: 5.1; MUFI: 3.0
1E52	Omacracute	LATIN CAPITAL LETTER O WITH MACRON AND ACUTE	Uni.: 5.1; MUFI: 3.0
1E53	omacracute	LATIN SMALL LETTER O WITH MACRON AND ACUTE	Uni.: 5.1; MUFI: 3.0
1E54	Pacute	LATIN CAPITAL LETTER P WITH ACUTE	Uni.: 5.1; MUFI: 3.0
1E55	pacute	LATIN SMALL LETTER P WITH ACUTE	Uni.: 5.1; MUFI: 3.0
1E56	Pdot	LATIN CAPITAL LETTER P WITH DOT ABOVE	Uni.: 5.1; MUFI: 3.0
1E57	pdot	LATIN SMALL LETTER P WITH DOT ABOVE	Uni.: 5.1; MUFI: 3.0
1E58	Rdot	LATIN CAPITAL LETTER R WITH DOT ABOVE	Uni.: 5.1; MUFI: 3.0
1E59	rdot	LATIN SMALL LETTER R WITH DOT ABOVE	Uni.: 5.1; MUFI: 3.0
1E5A	Rdotbl	LATIN CAPITAL LETTER R WITH DOT BELOW	Uni.: 5.1; MUFI: 3.0
1E5B	rdotbl	LATIN SMALL LETTER R WITH DOT BELOW	Uni.: 5.1; MUFI: 3.0
1E60	Sdot	LATIN CAPITAL LETTER S WITH DOT ABOVE	Uni.: 5.1; MUFI: 3.0
1E61	sdot	LATIN SMALL LETTER S WITH DOT ABOVE	Uni.: 5.1; MUFI: 3.0
1E62	Sdotbl	LATIN CAPITAL LETTER S WITH DOT BELOW	Uni.: 5.1; MUFI: 3.0
1E63	sdotbl	LATIN SMALL LETTER S WITH DOT BELOW	Uni.: 5.1; MUFI: 3.0
1E6A	Tdot	LATIN CAPITAL LETTER T WITH DOT ABOVE	Uni.: 5.1; MUFI: 3.0
1E6B	tdot	LATIN SMALL LETTER T WITH DOT ABOVE	Uni.: 5.1; MUFI: 3.0
1E6C	Tdotbl	LATIN CAPITAL LETTER T WITH DOT BELOW	Uni.: 5.1; MUFI: 3.0
1E6D	tdotbl	LATIN SMALL LETTER T WITH DOT BELOW	Uni.: 5.1; MUFI: 3.0
1E7E	Vdotbl	LATIN CAPITAL LETTER V WITH DOT BELOW	Uni.: 5.1; MUFI: 3.0
1E7F	vdotbl	LATIN SMALL LETTER V WITH DOT BELOW	Uni.: 5.1; MUFI: 3.0
1E80	Wgrave	LATIN CAPITAL LETTER W WITH GRAVE	Uni.: 5.1; MUFI: 3.0
1E81	wgrave	LATIN SMALL LETTER W WITH GRAVE	Uni.: 5.1; MUFI: 3.0
1E82	Wacute	LATIN CAPITAL LETTER W WITH ACUTE	Uni.: 5.1; MUFI: 3.0
1E83	wacute	LATIN SMALL LETTER W WITH ACUTE	Uni.: 5.1; MUFI: 3.0
1E84	Wuml	LATIN CAPITAL LETTER W WITH DIAERESIS	Uni.: 5.1; MUFI: 3.0
1E85	wuml	LATIN SMALL LETTER W WITH DIAERESIS	Uni.: 5.1; MUFI: 3.0
1E86	Wdot	LATIN CAPITAL LETTER W WITH DOT ABOVE	Uni.: 5.1; MUFI: 3.0
1E87	wdot	LATIN SMALL LETTER W WITH DOT ABOVE	Uni.: 5.1; MUFI: 3.0
1E88	Wdotbl	LATIN CAPITAL LETTER W WITH DOT BELOW	Uni.: 5.1; MUFI: 3.0
1E89	wdotbl	LATIN SMALL LETTER W WITH DOT BELOW	Uni.: 5.1; MUFI: 3.0
1E8E	Ydot	LATIN CAPITAL LETTER Y WITH DOT ABOVE	Uni.: 5.1; MUFI: 3.0
1E8F	ydot	LATIN SMALL LETTER Y WITH DOT ABOVE	Uni.: 5.1; MUFI: 3.0
1E92	Zdotbl	LATIN CAPITAL LETTER Z WITH DOT BELOW	Uni.: 5.1; MUFI: 3.0
1E93	zdotbl	LATIN SMALL LETTER Z WITH DOT BELOW	Uni.: 5.1; MUFI: 3.0
1E98	wring	LATIN SMALL LETTER W WITH RING ABOVE	Uni.: 5.1; MUFI: 3.0
1E99	yring	LATIN SMALL LETTER Y WITH RING ABOVE	Uni.: 5.1; MUFI: 3.0
1E9C	slongbarslash	LATIN SMALL LETTER LONG S WITH DIAGONAL STROKE	Uni.: 5.1; MUFI: 3.0
1E9D	slongbar	LATIN SMALL LETTER LONG S WITH HIGH STROKE	Uni.: 5.1; MUFI: 3.0
1E9E	SZlig	LATIN CAPITAL LETTER SHARP S	Uni.: 5.1; MUFI: 3.0
1E9F	dscript	LATIN SMALL LETTER DELTA	Uni.: 5.1; MUFI: 3.0
1EA0	Adotbl	LATIN CAPITAL LETTER A WITH DOT BELOW	Uni.: 5.1; MUFI: 3.0
1EA1	adotbl	LATIN SMALL LETTER A WITH DOT BELOW	Uni.: 5.1; MUFI: 3.0
1EA2	Ahook	LATIN CAPITAL LETTER A WITH HOOK ABOVE	Uni.: 5.1; MUFI: 3.0
1EA3	ahook	LATIN SMALL LETTER A WITH HOOK ABOVE	Uni.: 5.1; MUFI: 3.0
1EAE	Abreveacute	LATIN CAPITAL LETTER A WITH BREVE AND ACUTE	Uni.: 5.1; MUFI: 3.0
1EAF	abreveacute	LATIN SMALL LETTER A WITH BREVE AND ACUTE	Uni.: 5.1; MUFI: 3.0
1EB8	Edotbl	LATIN CAPITAL LETTER E WITH DOT BELOW	Uni.: 5.1; MUFI: 3.0
1EB9	edotbl	LATIN SMALL LETTER E WITH DOT BELOW	Uni.: 5.1; MUFI: 3.0
1EC8	Ihook	LATIN CAPITAL LETTER I WITH HOOK ABOVE	Uni.: 5.1; MUFI: 3.0
1EC9	ihook	LATIN SMALL LETTER I WITH HOOK ABOVE	Uni.: 5.1; MUFI: 3.0
1ECA	Idotbl	LATIN CAPITAL LETTER I WITH DOT BELOW	Uni.: 5.1; MUFI: 3.0
1ECB	idotbl	LATIN SMALL LETTER I WITH DOT BELOW	Uni.: 5.1; MUFI: 3.0
1ECC	Odotbl	LATIN CAPITAL LETTER O WITH DOT BELOW	Uni.: 5.1; MUFI: 3.0
1ECD	odotbl	LATIN SMALL LETTER O WITH DOT BELOW	Uni.: 5.1; MUFI: 3.0
1ECE	Ohook	LATIN CAPITAL LETTER O WITH HOOK ABOVE	Uni.: 5.1; MUFI: 3.0
1ECF	ohook	LATIN SMALL LETTER O WITH HOOK ABOVE	Uni.: 5.1; MUFI: 3.0
1EE4	Udotbl	LATIN CAPITAL LETTER U WITH DOT BELOW	Uni.: 5.1; MUFI: 3.0
1EE5	udotbl	LATIN SMALL LETTER U WITH DOT BELOW	Uni.: 5.1; MUFI: 3.0
1EE6	Uhook	LATIN CAPITAL LETTER U WITH HOOK ABOVE	Uni.: 5.1; MUFI: 3.0
1EE7	uhook	LATIN SMALL LETTER U WITH HOOK ABOVE	Uni.: 5.1; MUFI: 3.0
1EF2	Ygrave	LATIN CAPITAL LETTER Y WITH GRAVE	Uni.: 5.1; MUFI: 3.0
1EF3	ygrave	LATIN SMALL LETTER Y WITH GRAVE	Uni.: 5.1; MUFI: 3.0
1EF4	Ydotbl	LATIN CAPITAL LETTER Y WITH DOT BELOW	Uni.: 5.1; MUFI: 3.0
1EF5	ydotbl	LATIN SMALL LETTER Y WITH DOT BELOW	Uni.: 5.1; MUFI: 3.0
1EF6	Yhook	LATIN CAPITAL LETTER Y WITH HOOK ABOVE	Uni.: 5.1; MUFI: 3.0
1EF7	yhook	LATIN SMALL LETTER Y WITH HOOK ABOVE	Uni.: 5.1; MUFI: 3.0
1EFA	LLwelsh	LATIN CAPITAL LETTER MIDDLE-WELSH LL	Uni.: 5.1; MUFI: 3.0
1EFB	llwelsh	LATIN SMALL LETTER MIDDLE-WELSH LL	Uni.: 5.1; MUFI: 3.0
1EFC	Vwelsh	LATIN CAPITAL LETTER MIDDLE-WELSH V	Uni.: 5.1; MUFI: 3.0
1EFD	vwelsh	LATIN SMALL LETTER MIDDLE-WELSH V	Uni.: 5.1; MUFI: 3.0
1EFE	Yloop	LATIN CAPITAL LETTER Y WITH LOOP	Uni.: 5.1; MUFI: 3.0
1EFF	yloop	LATIN SMALL LETTER Y WITH LOOP	Uni.: 5.1; MUFI: 3.0
2000	enqd	EN QUAD	Uni.: 5.1; MUFI: 3.0
2001	emqd	EM QUAD	Uni.: 5.1; MUFI: 3.0
2002	ensp	EN SPACE	Uni.: ; MUFI: 4.0 auto
2003	emsp	EM SPACE	Uni.: ; MUFI: 4.0 auto
2004	emsp13	THREE-PER-EM SPACE	Uni.: ; MUFI: 4.0 auto
2005	emsp14	FOUR-PER-EM SPACE	Uni.: ; MUFI: 4.0 auto
2006	emsp16	SIX-PER-EM SPACE	Uni.: ; MUFI: 4.0 auto
2007	numsp	FIGURE SPACE	Uni.: ; MUFI: 4.0 auto
2008	puncsp	PUNCTUATION SPACE	Uni.: ; MUFI: 4.0 auto
2009	thinsp	THIN SPACE	Uni.: ; MUFI: 4.0 auto
200A	hairsp	HAIR SPACE	Uni.: ; MUFI: 4.0 auto
200B	zerosp	ZERO WIDTH SPACE	Uni.: ; MUFI: 4.0 auto
2010	dash	HYPHEN	Uni.: 5.1; MUFI: 3.0
2011	nbhy	NON-BREAKING HYPHEN	Uni.: 5.1; MUFI: 3.0
2012	numdash	FIGURE DASH	Uni.: 5.1; MUFI: 3.0
2013	ndash	EN DASH	Uni.: 5.1; MUFI: 3.0
2014	mdash	EM DASH	Uni.: 5.1; MUFI: 3.0
2015	horbar	HORIZONTAL BAR	Uni.: 5.1; MUFI: 3.0
2016	Verbar	DOUBLE VERTICAL LINE	Uni.: 5.1; MUFI: 3.0
2018	lsquo	LEFT SINGLE QUOTATION MARK	Uni.: 5.1; MUFI: 3.0
2019	rsquo	RIGHT SINGLE QUOTATION MARK	Uni.: 5.1; MUFI: 3.0
201A	lsquolow	SINGLE LOW-9 QUOTATION MARK	Uni.: 5.1; MUFI: 3.0
201B	rsquorev	SINGLE HIGH-REVERSED-9 QUOTATION MARK	Uni.: 5.1; MUFI: 3.0
201C	ldquo	LEFT DOUBLE QUOTATION MARK	Uni.: 5.1; MUFI: 3.0
201D	rdquo	RIGHT DOUBLE QUOTATION MARK	Uni.: 5.1; MUFI: 3.0
201E	ldquolow	DOUBLE LOW-9 QUOTATION MARK	Uni.: 5.1; MUFI: 3.0
201F	rdquorev	DOUBLE HIGH-REVERSED-9 QUOTATION MARK	Uni.: 5.1; MUFI: 3.0
2020	dagger	DAGGER	Uni.: 5.1; MUFI: 3.0
2021	Dagger	DOUBLE DAGGER	Uni.: 5.1; MUFI: 3.0
2022	bull	BULLET	Uni.: 5.1; MUFI: 3.0
2023	tribull	TRIANGULAR BULLET	Uni.: 5.1; MUFI: 3.0
2024	sgldr	ONE DOT LEADER	Uni.: 5.1; MUFI: 3.0
2025	dblldr	TWO DOT LEADER	Uni.: 5.1; MUFI: 3.0	..
2026	hellip	HORIZONTAL ELLIPSIS	Uni.: ; MUFI: 4.0 auto
2027	hyphpoint	HYPHENATION POINT	Uni.: 5.1; MUFI: 3.0
202F	nnbsp	NARROW NO-BREAK SPACE	Uni.: ; MUFI: 4.0 auto
2030	permil	PER MILLE SIGN	Uni.: 5.1; MUFI: 3.0
2032	prime	PRIME	Uni.: 5.1; MUFI: 3.0
2033	Prime	DOUBLE PRIME	Uni.: 5.1; MUFI: 3.0
2039	lsaquo	SINGLE LEFT-POINTING ANGLE QUOTATION MARK	Uni.: 5.1; MUFI: 3.0
203A	rsaquo	SINGLE RIGHT-POINTING ANGLE QUOTATION MARK	Uni.: 5.1; MUFI: 3.0
203B	refmark	REFERENCE MARK	Uni.: 5.1; MUFI: 3.0
2042	triast	ASTERISM	Uni.: 5.1; MUFI: 3.0
2044	fracsol	FRACTION SLASH	Uni.: 5.1; MUFI: 3.0
2045	lsqbqu	LEFT SQUARE BRACKET WITH QUILL	Uni.: 5.1; MUFI: 3.0
2046	rsqbqu	RIGHT SQUARE BRACKET WITH QUILL	Uni.: 5.1; MUFI: 3.0
204A	et	LATIN ABBREVIATION SIGN SMALL ET	Uni.: 5.1; MUFI: 3.0
204B	revpara	REVERSED PILCROW SIGN	Uni.: 5.1; MUFI: 3.0
2056	tridotleft	THREE DOT PUNCTUATION	Uni.: ; MUFI: 4.0
2058	lozengedot	FOUR DOT PUNCTUATION	Uni.: 5.1; MUFI: 3.0
205C	dotcross	DOTTED CROSS	Uni.: 5.1; MUFI: 3.0
2070	sup0	SUPERSCRIPT ZERO	Uni.: 5.1; MUFI: 3.0
2074	sup4	SUPERSCRIPT FOUR	Uni.: 5.1; MUFI: 3.0
2075	sup5	SUPERSCRIPT FIVE	Uni.: 5.1; MUFI: 3.0
2076	sup6	SUPERSCRIPT SIX	Uni.: 5.1; MUFI: 3.0
2077	sup7	SUPERSCRIPT SEVEN	Uni.: 5.1; MUFI: 3.0
2078	sup8	SUPERSCRIPT EIGHT	Uni.: 5.1; MUFI: 3.0
2079	sup9	SUPERSCRIPT NINE	Uni.: 5.1; MUFI: 3.0
2080	sub0	SUBSCRIPT ZERO	Uni.: 5.1; MUFI: 3.0
2081	sub1	SUBSCRIPT ONE	Uni.: 5.1; MUFI: 3.0
2082	sub2	SUBSCRIPT TWO	Uni.: 5.1; MUFI: 3.0
2083	sub3	SUBSCRIPT THREE	Uni.: 5.1; MUFI: 3.0
2084	sub4	SUBSCRIPT FOUR	Uni.: 5.1; MUFI: 3.0
2085	sub5	SUBSCRIPT FIVE	Uni.: 5.1; MUFI: 3.0
2086	sub6	SUBSCRIPT SIX	Uni.: 5.1; MUFI: 3.0
2087	sub7	SUBSCRIPT SEVEN	Uni.: 5.1; MUFI: 3.0
2088	sub8	SUBSCRIPT EIGHT	Uni.: 5.1; MUFI: 3.0
2089	sub9	SUBSCRIPT NINE	Uni.: 5.1; MUFI: 3.0
20B0	pennygerm	GERMAN PENNY SIGN	Uni.: 5.1; MUFI: 3.0
2108	scruple	SCRUPLE	Uni.: 5.1; MUFI: 3.0
2114	lbbar	L B BAR SYMBOL	Uni.: 5.1; MUFI: 3.0
211E	Rtailstrok	PRESCRIPTION TAKE	Uni.: 5.1; MUFI: 3.0
211F	Rslstrok	RESPONSE	Uni.: 5.1; MUFI: 3.0
2123	Vslstrok	VERSICLE	Uni.: 5.1; MUFI: 3.0
2125	ounce	OUNCE SIGN	Uni.: 5.1; MUFI: 3.0
2132	Fturn	TURNED CAPITAL F	Uni.: 5.1; MUFI: 3.0
214E	fturn	TURNED SMALL F	Uni.: 5.1; MUFI: 3.0
2180	romnumCDlig	ROMAN NUMERAL ONE THOUSAND C D	Uni.: 5.1; MUFI: 3.0
2181	romnumDDlig	ROMAN NUMERAL FIVE THOUSAND	Uni.: 5.1; MUFI: 3.0
2182	romnumDDdbllig	ROMAN NUMERAL TEN THOUSAND	Uni.: 5.1; MUFI: 3.0
2183	romnumCrev	ROMAN NUMERAL REVERSED ONE HUNDRED	Uni.: 5.1; MUFI: 3.0
2184	conbase	LATIN ABBREVIATION SIGN SMALL CON	Uni.: 5.1; MUFI: 3.0
2190	arrsgllw	LEFTWARDS ARROW	Uni.: 5.1; MUFI: 3.0
2191	arrsglupw	UPWARDS ARROW	Uni.: 5.1; MUFI: 3.0
2192	arrsglrw	RIGHTWARDS ARROW	Uni.: 5.1; MUFI: 3.0
2193	arrsgldw	DOWNWARDS ARROW	Uni.: 5.1; MUFI: 3.0
2212	minus	MINUS	Uni.: 5.1; MUFI: 3.0
221E	infin	INFINITY	Uni.: 5.1; MUFI: 3.0
2227	logand	LOGICAL AND	Uni.: 5.1; MUFI: 3.0
2234	tridotupw	THEREFORE	Uni.: 5.1; MUFI: 3.0
2235	tridotdw	BECAUSE	Uni.: 5.1; MUFI: 3.0
2237	quaddot	PROPORTION	Uni.: 5.1; MUFI: 3.0
223B	est	HOMOTHETIC	Uni.: 5.1; MUFI: 3.0
2248	esse	ALMOST EQUAL TO	Uni.: 5.1; MUFI: 3.0
2260	notequals	NOT EQUAL TO	Uni.: 5.1; MUFI: 3.0
22D7	dipledot	GREATER-THAN WITH DOT	Uni.: 5.1; MUFI: 3.0
23D1	metrshort	METRICAL BREVE	Uni.: 5.1; MUFI: 3.0
23D2	metrshortlong	METRICAL LONG OVER SHORT	Uni.: 5.1; MUFI: 3.0
23D3	metrlongshort	METRICAL SHORT OVER LONG	Uni.: 5.1; MUFI: 3.0
23D4	metrdblshortlong	METRICAL LONG OVER TWO SHORTS	Uni.: 5.1; MUFI: 3.0
25AA	squareblsm	BLACK SMALL SQUARE	Uni.: 5.1; MUFI: 3.0
25AB	squarewhsm	WHITE SMALL SQUARE	Uni.: 5.1; MUFI: 3.0
25B9	trirightwh	WHITE RIGHT-POINTING SMALL TRIANGLE	Uni.: 5.1; MUFI: 3.0
25C3	trileftwh	WHITE LEFT-POINTING SMALL TRIANGLE	Uni.: 5.1; MUFI: 3.0
25CC	circledot	DOTTED CIRCLE	Uni.: 5.1; MUFI: 3.0
271D	cross	LATIN CROSS	Uni.: 5.1; MUFI: 3.0
2766	hedera	FLORAL HEART	Uni.: 5.1; MUFI: 3.0
2767	hederarot	ROTATED FLORAL HEART BULLET	Uni.: 5.1; MUFI: 3.0
27E6	lwhsqb	LEFT WHITE SQUARE BRACKET	Uni.: 5.1; MUFI: 3.0
27E7	rwhsqb	RIGHT WHITE SQUARE BRACKET	Uni.: 5.1; MUFI: 3.0
27E8	langb	LEFT ANGLE BRACKET	Uni.: 5.1; MUFI: 3.0
27E9	rangb	RIGHT ANGLE BRACKET	Uni.: 5.1; MUFI: 3.0
2AFD	dblsol	PUNCTUATION MARK DOUBLE SOLIDUS	Uni.: 5.1; MUFI: 3.0
2C75	Hhalf	LATIN CAPITAL LETTER HALF H	Uni.: 5.1; MUFI: 3.0
2C76	hhalf	LATIN SMALL LETTER HALF H	Uni.: 5.1; MUFI: 3.0
2C7D	Vmod	MODIFIER LETTER CAPITAL V	Uni.: ; MUFI: 4.0 auto
2E00	luhsqbNT	RIGHT ANGLE SUBSTITUTION MARKER	Uni.: ; MUFI: 4.0 auto
2E0C	luslst	LEFT UPPER SLANTED STROKE	Uni.: 5.1; MUFI: 3.0
2E0D	ruslst	RIGHT UPPER SLANTED STROKE	Uni.: 5.1; MUFI: 3.0
2E17	dbloblhyph	DOUBLE OBLIQUE HYPHEN	Uni.: 5.1; MUFI: 3.0
2E1C	rlslst	RIGHT LOWER SLANTED STROKE	Uni.: 5.1; MUFI: 3.0
2E1D	llslst	LEFT LOWER SLANTED STROKE	Uni.: 5.1; MUFI: 3.0
2E20	verbarqr	RIGHT VERTICAL BAR WITH QUILL	Uni.: 5.1; MUFI: 3.0
2E21	verbarql	LEFT VERTICAL BAR WITH QUILL	Uni.: 5.1; MUFI: 3.0
2E22	luhsqb	TOP LEFT HALF BRACKET	Uni.: 5.1; MUFI: 3.0
2E23	ruhsqb	TOP RIGHT HALF BRACKET	Uni.: 5.1; MUFI: 3.0
2E24	llhsqb	BOTTOM LEFT HALF BRACKET	Uni.: 5.1; MUFI: 3.0
2E25	rlhsqb	BOTTOM RIGHT HALF BRACKET	Uni.: 5.1; MUFI: 3.0
2E26	lUbrack	LEFT SIDEWAYS U BRACKET	Uni.: 5.1; MUFI: 3.0
2E27	rUbrack	RIGHT SIDEWAYS U BRACKET	Uni.: 5.1; MUFI: 3.0
2E28	ldblpar	LEFT DOUBLE PARENTHESIS	Uni.: 5.1; MUFI: 3.0
2E29	rdblpar	RIGHT DOUBLE PARENTHESIS	Uni.: 5.1; MUFI: 3.0
2E2A	tridotsdownw	TWO DOTS OVER ONE DOT PUNCTUATION	Uni.: 5.1; MUFI: 3.0
2E2B	tridotsupw	ONE DOT OVER TWO DOTS PUNCTUATION	Uni.: 5.1; MUFI: 3.0
2E2C	quaddots	FOUR DOTS PUNCTUATION	Uni.: 5.1; MUFI: 3.0
2E2D	fivedots	FIVE DOT MARK	Uni.: 5.1; MUFI: 3.0
2E2E	punctpercont	REVERSED QUESTION MARK	Uni.: 5.1; MUFI: 3.0
2E40	dblhyph	DOUBLE HYPHEN	Uni.: ; MUFI: 4.0
A730	fscap	LATIN LETTER SMALL CAPITAL F	Uni.: 5.1; MUFI: 3.0
A731	sscap	LATIN LETTER SMALL CAPITAL S	Uni.: 5.1; MUFI: 3.0
A732	AAlig	LATIN CAPITAL LETTER AA	Uni.: 5.1; MUFI: 3.0
A733	aalig	LATIN SMALL LETTER AA	Uni.: 5.1; MUFI: 3.0
A734	AOlig	LATIN CAPITAL LETTER AO	Uni.: 5.1; MUFI: 3.0
A735	aolig	LATIN SMALL LETTER AO	Uni.: 5.1; MUFI: 3.0
A736	AUlig	LATIN CAPITAL LETTER AU	Uni.: 5.1; MUFI: 3.0
A737	aulig	LATIN SMALL LETTER AU	Uni.: 5.1; MUFI: 3.0
A738	AVlig	LATIN CAPITAL LETTER AV	Uni.: 5.1; MUFI: 3.0
A739	avlig	LATIN SMALL LETTER AV	Uni.: 5.1; MUFI: 3.0
A73A	AVligslash	LATIN CAPITAL LETTER AV WITH HORIZONTAL BAR	Uni.: 5.1; MUFI: 3.0
A73B	avligslash	LATIN SMALL LETTER AV WITH HORIZONTAL BAR	Uni.: 5.1; MUFI: 3.0
A73C	AYlig	LATIN CAPITAL LETTER AY	Uni.: 5.1; MUFI: 3.0
A73D	aylig	LATIN SMALL LETTER AY	Uni.: 5.1; MUFI: 3.0
A73E	CONdot	LATIN CAPITAL LETTER REVERSED C WITH DOT	Uni.: 5.1; MUFI: 3.0
A73F	condot	LATIN SMALL LETTER REVERSED C WITH DOT	Uni.: 5.1; MUFI: 3.0
A740	Kbar	LATIN CAPITAL LETTER K WITH STROKE	Uni.: 5.1; MUFI: 3.0
A741	kbar	LATIN SMALL LETTER K WITH STROKE	Uni.: 5.1; MUFI: 3.0
A742	Kstrleg	LATIN CAPITAL LETTER K WITH DIAGONAL STROKE	Uni.: 5.1; MUFI: 3.0
A743	kstrleg	LATIN SMALL LETTER K WITH DIAGONAL STROKE	Uni.: 5.1; MUFI: 3.0
A744	Kstrascleg	LATIN CAPITAL LETTER K WITH STROKE AND DIAGONAL STROKE	Uni.: 5.1; MUFI: 3.0
A745	kstrascleg	LATIN SMALL LETTER K WITH STROKE AND DIAGONAL STROKE	Uni.: 5.1; MUFI: 3.0
A746	Lbrk	LATIN CAPITAL LETTER BROKEN L	Uni.: 5.1; MUFI: 3.0
A747	lbrk	LATIN SMALL LETTER BROKEN L	Uni.: 5.1; MUFI: 3.0
A748	Lhighstrok	LATIN CAPITAL LETTER L WITH HIGH STROKE	Uni.: 5.1; MUFI: 3.0
A749	lhighstrok	LATIN SMALL LETTER L WITH HIGH STROKE	Uni.: 5.1; MUFI: 3.0
A74A	OBIIT	LATIN CAPITAL LETTER O WITH LONG STROKE OVERLAY	Uni.: 5.1; MUFI: 3.0
A74B	obiit	LATIN SMALL LETTER O WITH LONG STROKE OVERLAY	Uni.: 5.1; MUFI: 3.0
A74C	Oloop	LATIN SMALL LETTER OE WITH LOOP	Uni.: 5.1; MUFI: 3.0
A74D	oloop	LATIN CAPITAL LETTER OE WITH LOOP	Uni.: 5.1; MUFI: 3.0
A74E	OOlig	LATIN CAPITAL LETTER OO	Uni.: 5.1; MUFI: 3.0
A74F	oolig	LATIN SMALL LETTER OO	Uni.: 5.1; MUFI: 3.0
A750	Pbardes	LATIN CAPITAL LETTER P WITH STROKE THROUGH DESCENDER	Uni.: 5.1; MUFI: 3.0
A751	pbardes	LATIN SMALL LETTER P WITH STROKE THROUGH DESCENDER	Uni.: 5.1; MUFI: 3.0
A752	Pflour	LATIN CAPITAL LETTER P WITH FLOURISH	Uni.: 5.1; MUFI: 3.0
A753	pflour	LATIN SMALL LETTER P WITH FLOURISH	Uni.: 5.1; MUFI: 3.0
A754	Psquirrel	LATIN CAPITAL LETTER P WITH SQUIRREL TAIL	Uni.: 5.1; MUFI: 3.0
A755	psquirrel	LATIN SMALL LETTER P WITH SQUIRREL TAIL	Uni.: 5.1; MUFI: 3.0
A756	Qbardes	LATIN CAPITAL LETTER Q WITH STROKE THROUGH DESCENDER	Uni.: 5.1; MUFI: 3.0
A757	qbardes	LATIN SMALL LETTER Q WITH STROKE THROUGH DESCENDER	Uni.: 5.1; MUFI: 3.0
A758	Qslstrok	LATIN CAPITAL LETTER Q WITH DIAGONAL STROKE	Uni.: 5.1; MUFI: 3.0
A759	qslstrok	LATIN SMALL LETTER Q WITH DIAGONAL STROKE	Uni.: 5.1; MUFI: 3.0
A75A	Rrot	LATIN CAPITAL LETTER R ROTUNDA	Uni.: 5.1; MUFI: 3.0
A75B	rrot	LATIN SMALL LETTER R ROTUNDA	Uni.: 5.1; MUFI: 3.0
A75C	RUM	LATIN CAPITAL LETTER RUM ROTUNDA	Uni.: 5.1; MUFI: 3.0
A75D	rum	LATIN SMALL LETTER RUM ROTUNDA	Uni.: 5.1; MUFI: 3.0
A75E	Vdiagstrok	LATIN CAPITAL LETTER V WITH DIAGONAL STROKE	Uni.: 5.1; MUFI: 3.0
A75F	vdiagstrok	LATIN SMALL LETTER V WITH DIAGONAL STROKE	Uni.: 5.1; MUFI: 3.0
A760	YYlig	LATIN CAPITAL LETTER VY	Uni.: 5.1; MUFI: 3.0
A761	yylig	LATIN SMALL LETTER VY	Uni.: 5.1; MUFI: 3.0
A762	Zvisigot	LATIN CAPITAL LETTER VISIGOTHIC Z	Uni.: 5.1; MUFI: 3.0
A763	zvisigot	LATIN SMALL LETTER VISIGOTHIC Z	Uni.: 5.1; MUFI: 3.0
A764	THORNbar	LATIN CAPITAL LETTER THORN WITH STROKE	Uni.: 5.1; MUFI: 3.0
A765	thornbar	LATIN SMALL LETTER THORN WITH STROKE	Uni.: 5.1; MUFI: 3.0
A766	THORNbardes	LATIN CAPITAL LETTER THORN WITH STROKE THROUGH DESCENDER	Uni.: 5.1; MUFI: 3.0
A767	thornbardes	LATIN SMALL LETTER THORN WITH STROKE THROUGH DESCENDER	Uni.: 5.1; MUFI: 3.0
A768	Vins	LATIN CAPITAL LETTER VEND	Uni.: 5.1; MUFI: 3.0
A769	vins	LATIN SMALL LETTER VEND	Uni.: 5.1; MUFI: 3.0
A76A	ETfin	LATIN CAPITAL LETTER ET	Uni.: 5.1; MUFI: 3.0
A76B	etfin	LATIN SMALL LETTER ET	Uni.: 5.1; MUFI: 3.0
A76C	IS	LATIN CAPITAL LETTER IS	Uni.: 5.1; MUFI: 3.0
A76D	is	LATIN SMALL LETTER IS	Uni.: 5.1; MUFI: 3.0
A76E	CONdes	LATIN CAPITAL LETTER CON	Uni.: 5.1; MUFI: 3.0
A76F	condes	LATIN SMALL LETTER CON	Uni.: 5.1; MUFI: 3.0
A770	usmod	MODIFIER LETTER US	Uni.: 5.1; MUFI: 3.0
A771	dtailstrok	LATIN SMALL LETTER DUM	Uni.: 5.1; MUFI: 3.0
A772	ltailstrok	LATIN SMALL LETTER LUM	Uni.: 5.1; MUFI: 3.0
A773	mtailstrok	LATIN SMALL LETTER MUM	Uni.: 5.1; MUFI: 3.0
A774	ntailstrok	LATIN SMALL LETTER NUM	Uni.: 5.1; MUFI: 3.0
A775	rtailstrok	LATIN SMALL LETTER RUM	Uni.: 5.1; MUFI: 3.0
A776	rscaptailstrok	LATIN LETTER SMALL CAPITAL RUM	Uni.: 5.1; MUFI: 3.0
A777	ttailstrok	LATIN SMALL LETTER TUM	Uni.: 5.1; MUFI: 3.0
A778	sstrok	LATIN SMALL LETTER UM	Uni.: 5.1; MUFI: 3.0
A779	Drot	LATIN CAPITAL LETTER INSULAR D	Uni.: 5.1; MUFI: 3.0
A77A	drot	LATIN SMALL LETTER INSULAR D	Uni.: 5.1; MUFI: 3.0
A77B	Fins	LATIN CAPITAL LETTER INSULAR F	Uni.: 5.1; MUFI: 3.0
A77C	fins	LATIN SMALL LETTER INSULAR F	Uni.: 5.1; MUFI: 3.0
A77D	Gins	LATIN CAPITAL LETTER INSULAR G	Uni.: 5.1; MUFI: 3.0
A77E	Ginsturn	LATIN CAPITAL LETTER TURNED INSULAR G	Uni.: 5.1; MUFI: 3.0
A77F	ginsturn	LATIN SMALL LETTER TURNED INSULAR G	Uni.: 5.1; MUFI: 3.0
A780	Lturn	LATIN CAPITAL LETTER TURNED L	Uni.: 5.1; MUFI: 3.0
A781	lturn	LATIN SMALL LETTER TURNED L	Uni.: 5.1; MUFI: 3.0
A782	Rins	LATIN CAPITAL LETTER INSULAR R	Uni.: 5.1; MUFI: 3.0
A783	rins	LATIN SMALL LETTER INSULAR R	Uni.: 5.1; MUFI: 3.0
A784	Sins	LATIN CAPITAL LETTER INSULAR S	Uni.: 5.1; MUFI: 3.0
A785	sins	LATIN SMALL LETTER INSULAR S	Uni.: 5.1; MUFI: 3.0
A786	Trot	LATIN CAPITAL LETTER INSULAR T	Uni.: 5.1; MUFI: 3.0
A787	trot	LATIN SMALL LETTER INSULAR T	Uni.: 5.1; MUFI: 3.0
A7FB	Frev	LATIN EPIGRAPHIC LETTER REVERSED F	Uni.: 5.1; MUFI: 3.0
A7FC	Prev	LATIN EPIGRAPHIC LETTER REVERSED P	Uni.: 5.1; MUFI: 3.0
A7FD	Minv	LATIN EPIGRAPHIC LETTER INVERTED M	Uni.: 5.1; MUFI: 3.0
A7FE	Ilong	LATIN EPIGRAPHIC LETTER I LONGA	Uni.: 5.1; MUFI: 3.0
A7FF	M5leg	LATIN EPIGRAPHIC LETTER ARCHAIC M	Uni.: 5.1; MUFI: 3.0
AB57	xldes	LATIN SMALL LETTER X WITH LONG LEFT LEG	Uni.: 7.0; MUFI: 4.0
E004	Aogonacute	LATIN CAPITAL LETTER A WITH OGONEK AND ACUTE	Uni.: 5.1; MUFI: 3.0
E00A	Amacracute	LATIN CAPITAL LETTER A WITH MACRON AND ACUTE	Uni.: 5.1; MUFI: 3.0
E010	Amacrbreve	LATIN CAPITAL LETTER A WITH MACRON AND BREVE	Uni.: 5.1; MUFI: 3.0
E025	Adblac	LATIN CAPITAL LETTER A WITH DOUBLE ACUTE	Uni.: 5.1; MUFI: 3.0
E02C	Aesup	LATIN CAPITAL LETTER A WITH LATIN SMALL LETTER E ABOVE	Uni.: 5.1; MUFI: 3.0
E033	Acurl	LATIN CAPITAL LETTER A WITH CURL	Uni.: 5.1; MUFI: 3.0
E036	AEligdotbl	LATIN CAPITAL LETTER AE WITH DOT BELOW	Uni.: 5.1; MUFI: 3.0
E03A	AEligmacracute	LATIN CAPITAL LETTER AE WITH MACRON AND ACUTE	Uni.: 5.1; MUFI: 3.0
E03D	AEligmacrbreve	LATIN CAPITAL LETTER AE WITH MACRON AND BREVE	Uni.: 5.1; MUFI: 3.0
E03F	AEligbreve	LATIN CAPITAL LETTER AE WITH BREVE	Uni.: 5.1; MUFI: 3.0
E040	AEligogon	LATIN CAPITAL LETTER AE WITH OGONEK	Uni.: 5.1; MUFI: 3.0
E041	AEligdblac	LATIN CAPITAL LETTER AE WITH DOUBLE ACUTE	Uni.: 5.1; MUFI: 3.0
E042	AEliguml	LATIN CAPITAL LETTER AE WITH DIAERESIS	Uni.: 5.1; MUFI: 3.0
E043	AEligdot	LATIN CAPITAL LETTER AE WITH DOT ABOVE	Uni.: 5.1; MUFI: 3.0
E044	Bacute	LATIN CAPITAL LETTER B WITH ACUTE	Uni.: 5.1; MUFI: 3.0
E066	Cdotbl	LATIN CAPITAL LETTER C WITH DOT BELOW	Uni.: 5.1; MUFI: 3.0
E076	Cogon	LATIN CAPITAL LETTER C WITH OGONEK	Uni.: 5.1; MUFI: 3.0
E077	Dacute	LATIN CAPITAL LETTER D WITH ACUTE	Uni.: 5.1; MUFI: 3.0
E08F	ETHdotbl	LATIN CAPITAL LETTER ETH WITH DOT BELOW	Uni.: 5.1; MUFI: 3.0
E099	Eogonacute	LATIN CAPITAL LETTER E WITH OGONEK AND ACUTE	Uni.: 5.1; MUFI: 3.0
E0B7	Emacrbreve	LATIN CAPITAL LETTER E WITH MACRON AND BREVE	Uni.: 5.1; MUFI: 3.0
E0BC	Eogonmacr	LATIN CAPITAL LETTER E WITH OGONEK AND MACRON	Uni.: 5.1; MUFI: 3.0
E0C8	Edotacute	LATIN CAPITAL LETTER E WITH DOT ABOVE AND ACUTE	Uni.: 5.1; MUFI: 3.0
E0D1	Edblac	LATIN CAPITAL LETTER E WITH DOUBLE ACUTE	Uni.: 5.1; MUFI: 3.0
E0E1	Easup	LATIN CAPITAL LETTER E WITH LATIN SMALL LETTER A ABOVE	Uni.: 5.1; MUFI: 3.0
E0E8	Eogondotbl	LATIN CAPITAL LETTER E WITH OGONEK AND DOT BELOW	Uni.: 5.1; MUFI: 3.0
E0E9	Ecurl	LATIN CAPITAL LETTER E WITH CURL	Uni.: 5.1; MUFI: 3.0
E0EA	Eogondblac	LATIN CAPITAL LETTER E WITH OGONEK AND DOUBLE ACUTE	Uni.: 5.1; MUFI: 3.0
E0EB	Eogondot	LATIN CAPITAL LETTER E WITH OGONEK AND DOT ABOVE	Uni.: 5.1; MUFI: 3.0
E0EC	Eogondotacute	LATIN CAPITAL LETTER E WITH OGONEK AND DOT ABOVE AND ACUTE	Uni.: 5.1; MUFI: 3.0
E0EE	Fdotbl	LATIN CAPITAL LETTER F WITH DOT BELOW	Uni.: 5.1; MUFI: 3.0
E0F0	Facute	LATIN CAPITAL LETTER F WITH ACUTE	Uni.: 5.1; MUFI: 3.0
E101	Gdotbl	LATIN CAPITAL LETTER G WITH DOT BELOW	Uni.: 5.1; MUFI: 3.0
E116	Hacute	LATIN CAPITAL LETTER H WITH ACUTE	Uni.: 5.1; MUFI: 3.0
E12A	Icurl	LATIN CAPITAL LETTER I WITH CURL	Uni.: 5.1; MUFI: 3.0
E135	Imacracute	LATIN CAPITAL LETTER I WITH MACRON AND ACUTE	Uni.: 5.1; MUFI: 3.0
E137	Imacrbreve	LATIN CAPITAL LETTER I WITH MACRON AND BREVE	Uni.: 5.1; MUFI: 3.0
E143	Idblac	LATIN CAPITAL LETTER I WITH DOUBLE ACUTE	Uni.: 5.1; MUFI: 3.0
E150	Iovlhigh	LATIN CAPITAL LETTER I WITH HIGH OVERLINE (ABOVE CHARACTER)	Uni.: 5.1; MUFI: 3.0
E151	Jdotbl	LATIN CAPITAL LETTER J WITH DOT BELOW	Uni.: 5.1; MUFI: 3.0
E152	Jovlhigh	LATIN CAPITAL LETTER J WITH HIGH OVERLINE (ABOVE CHARACTER)	Uni.: 5.1; MUFI: 3.0
E153	Jacute	LATIN CAPITAL LETTER J WITH ACUTE	Uni.: 5.1; MUFI: 3.0
E154	Jmacrhigh	LATIN CAPITAL LETTER J WITH HIGH MACRON (ABOVE CHARACTER)	Uni.: 5.1; MUFI: 3.0
E15C	Jdot	LATIN CAPITAL LETTER J WITH DOT ABOVE	Uni.: 5.1; MUFI: 3.0
E162	Jdblac	LATIN CAPITAL LETTER J WITH DOUBLE ACUTE	Uni.: 5.1; MUFI: 3.0
E163	Jcurl	LATIN CAPITAL LETTER J WITH CURL	Uni.: 5.1; MUFI: 3.0
E168	Kdot	LATIN CAPITAL LETTER K WITH DOT ABOVE	Uni.: 5.1; MUFI: 3.0
E19E	Ldot	LATIN CAPITAL LETTER L WITH DOT ABOVE	Uni.: 5.1; MUFI: 3.0
E1B8	Mmacrhigh	LATIN CAPITAL LETTER M WITH HIGH MACRON (ABOVE CHARACTER)	Uni.: 5.1; MUFI: 3.0
E1D2	Movlhigh	LATIN CAPITAL LETTER M WITH HIGH OVERLINE (ABOVE CHARACTER)	Uni.: 5.1; MUFI: 3.0
E1DC	Nmacrhigh	LATIN CAPITAL LETTER N WITH HIGH MACRON (ABOVE CHARACTER)	Uni.: 5.1; MUFI: 3.0
E208	Oogondotbl	LATIN CAPITAL LETTER O WITH OGONEK AND DOT BELOW	Uni.: 5.1; MUFI: 3.0
E20C	Oogonacute	LATIN CAPITAL LETTER O WITH OGONEK AND ACUTE	Uni.: 5.1; MUFI: 3.0
E21B	Omacrbreve	LATIN CAPITAL LETTER O WITH MACRON AND BREVE	Uni.: 5.1; MUFI: 3.0
E22D	Oumlcirc	LATIN CAPITAL LETTER O WITH DIAERESIS AND CIRCUMFLEX	Uni.: 5.1; MUFI: 3.0
E244	Oesup	LATIN CAPITAL LETTER O WITH LATIN SMALL LETTER E ABOVE	Uni.: 5.1; MUFI: 3.0
E246	Ousup	LATIN CAPITAL LETTER O WITH LATIN SMALL LETTER U ABOVE	Uni.: 5.1; MUFI: 3.0
E24F	Oogoncurl	LATIN CAPITAL LETTER O WITH OGONEK AND CURL	Uni.: 5.1; MUFI: 3.0
E252	Oslashmacr	LATIN CAPITAL LETTER O WITH STROKE AND MACRON	Uni.: 5.1; MUFI: 3.0
E253	Oslashmacrbreve	LATIN CAPITAL LETTER O WITH STROKE AND MACRON AND BREVE	Uni.: 5.1; MUFI: 3.0
E255	Oslashogon	LATIN CAPITAL LETTER O WITH STROKE AND OGONEK	Uni.: 5.1; MUFI: 3.0
E257	Oslashogonacute	LATIN CAPITAL LETTER O WITH STROKE AND OGONEK AND ACUTE	Uni.: 5.1; MUFI: 3.0
E259	OEligacute	LATIN CAPITAL LIGATURE OE WITH ACUTE	Uni.: 5.1; MUFI: 3.0
E25D	OEligmacr	LATIN CAPITAL LIGATURE OE WITH MACRON	Uni.: 5.1; MUFI: 3.0
E260	OEligmacrbreve	LATIN CAPITAL LIGATURE OE WITH MACRON AND BREVE	Uni.: 5.1; MUFI: 3.0
E262	OEligogon	LATIN CAPITAL LIGATURE OE WITH OGONEK	Uni.: ; MUFI: 4.0
E268	Pdblac	LATIN CAPITAL LETTER P WITH DOUBLE ACUTE	Uni.: ; MUFI: 4.0
E26D	Pdotbl	LATIN CAPITAL LETTER P WITH DOT BELOW	Uni.: 5.1; MUFI: 3.0
E282	Qdot	LATIN CAPITAL LETTER Q WITH DOT ABOVE	Uni.: 5.1; MUFI: 3.0
E288	Qdotbl	LATIN CAPITAL LETTER Q WITH DOT BELOW	Uni.: 5.1; MUFI: 3.0
E2E2	Tacute	LATIN CAPITAL LETTER T WITH ACUTE	Uni.: 5.1; MUFI: 3.0
E2EE	Togon	LATIN CAPITAL LETTER T WITH OGONEK	Uni.: 5.1; MUFI: 3.0
E309	Umacracute	LATIN CAPITAL LETTER U WITH MACRON AND ACUTE	Uni.: 5.1; MUFI: 3.0
E30B	Umacrbreve	LATIN CAPITAL LETTER U WITH MACRON AND BREVE	Uni.: 5.1; MUFI: 3.0
E315	Udot	LATIN CAPITAL LETTER U WITH DOT ABOVE	Uni.: 5.1; MUFI: 3.0
E317	Uumlcirc	LATIN CAPITAL LETTER U WITH DIAERESIS AND CIRCUMFLEX	Uni.: 5.1; MUFI: 3.0
E324	Uvertline	LATIN CAPITAL LETTER U WITH VERTICAL LINE ABOVE	Uni.: 5.1; MUFI: 3.0
E32B	Uesup	LATIN CAPITAL LETTER U WITH LATIN SMALL LETTER E ABOVE	Uni.: 5.1; MUFI: 3.0
E32D	Uosup	LATIN CAPITAL LETTER U WITH LATIN SMALL LETTER O ABOVE	Uni.: 5.1; MUFI: 3.0
E331	Ucurl	LATIN CAPITAL LETTER U WITH CURL	Uni.: 5.1; MUFI: 3.0
E337	THORNbarslash	LATIN CAPITAL LETTER THORN WITH DIAGONAL STROKE	Uni.: 5.1; MUFI: 3.0
E33A	Vacute	LATIN CAPITAL LETTER V WITH ACUTE	Uni.: 5.1; MUFI: 3.0
E33B	Vcirc	LATIN CAPITAL LETTER V WITH CIRCUMFLEX	Uni.: 5.1; MUFI: 3.0
E342	Vuml	LATIN CAPITAL LETTER V WITH DIAERESIS	Uni.: 5.1; MUFI: 3.0
E34B	Vdblac	LATIN CAPITAL LETTER V WITH DOUBLE ACUTE	Uni.: 5.1; MUFI: 3.0
E34C	Vdot	LATIN CAPITAL LETTER V WITH DOT ABOVE	Uni.: 5.1; MUFI: 3.0
E34D	Vmacr	LATIN CAPITAL LETTER V WITH MACRON	Uni.: 5.1; MUFI: 3.0
E34E	Vvertline	LATIN CAPITAL LETTER V WITH VERTICAL LINE ABOVE	Uni.: ; MUFI: 4.0
E350	Wdblac	LATIN CAPITAL LETTER W WITH DOUBLE ACUTE	Uni.: 5.1; MUFI: 3.0
E353	Wesup	LATIN CAPITAL LETTER W WITH LATIN SMALL LETTER E ABOVE	Uni.: 5.1; MUFI: 3.0
E357	Wmacr	LATIN CAPITAL LETTER W WITH MACRON	Uni.: 5.1; MUFI: 3.0
E373	Ymacracute	LATIN CAPITAL LETTER Y WITH MACRON AND ACUTE	Uni.: 5.1; MUFI: 3.0
E375	Ymacrbreve	LATIN CAPITAL LETTER Y WITH MACRON AND BREVE	Uni.: 5.1; MUFI: 3.0
E376	Ybreve	LATIN CAPITAL LETTER Y WITH BREVE	Uni.: 5.1; MUFI: 3.0
E37C	Ydblac	LATIN CAPITAL LETTER Y WITH DOUBLE ACUTE	Uni.: 5.1; MUFI: 3.0
E384	Ydotacute	LATIN CAPITAL LETTER Y WITH DOT ABOVE AND ACUTE	Uni.: 5.1; MUFI: 3.0
E385	Ycurl	LATIN CAPITAL LETTER Y WITH CURL	Uni.: 5.1; MUFI: 3.0
E39F	THORNdotbl	LATIN CAPITAL LETTER THORN WITH DOT BELOW	Uni.: 5.1; MUFI: 3.0
E3D3	Ocurl	LATIN CAPITAL LETTER O WITH CURL	Uni.: 5.1; MUFI: 3.0
E3D4	Oslashcurl	LATIN CAPITAL LETTER O WITH STROKE AND CURL	Uni.: 5.1; MUFI: 3.0
E3E5	Finsdotbl	LATIN CAPITAL LETTER INSULAR F WITH DOT BELOW	Uni.: 5.1; MUFI: 3.0
E3E6	Vinsdotbl	LATIN CAPITAL LETTER INSULAR V (VEND) WITH DOT BELOW	Uni.: 5.1; MUFI: 3.0
E3E7	Vinsdot	LATIN CAPITAL LETTER INSULAR V (VEND) WITH DOT ABOVE	Uni.: 5.1; MUFI: 3.0
E404	aogonacute	LATIN SMALL LETTER A WITH OGONEK AND ACUTE	Uni.: 5.1; MUFI: 3.0
E40A	amacracute	LATIN SMALL LETTER A WITH MACRON AND ACUTE	Uni.: 5.1; MUFI: 3.0
E410	amacrbreve	LATIN SMALL LETTER A WITH MACRON AND BREVE	Uni.: 5.1; MUFI: 3.0
E41A	aumlcirc	LATIN SMALL LETTER A WITH DIAERESIS AND CIRCUMFLEX	Uni.: 5.1; MUFI: 3.0
E41D	adotbluml	LATIN SMALL LETTER A WITH DIAERESIS AND DOT BELOW	Uni.: 5.1; MUFI: 3.0
E41F	aringcirc	LATIN SMALL LETTER A WITH RING ABOVE AND CIRCUMFLEX	Uni.: 5.1; MUFI: 3.0
E425	adblac	LATIN SMALL LETTER A WITH DOUBLE ACUTE	Uni.: 5.1; MUFI: 3.0
E42C	aesup	LATIN SMALL LETTER A WITH LATIN SMALL LETTER E ABOVE	Uni.: 5.1; MUFI: 3.0
E42D	aosup	LATIN SMALL LETTER A WITH LATIN SMALL LETTER O ABOVE	Uni.: 5.1; MUFI: 3.0
E42E	avsup	LATIN SMALL LETTER A WITH LATIN SMALL LETTER V ABOVE	Uni.: 5.1; MUFI: 3.0
E433	acurl	LATIN SMALL LETTER A WITH CURL	Uni.: 5.1; MUFI: 3.0
E436	aeligdotbl	LATIN SMALL LETTER AE WITH DOT BELOW	Uni.: 5.1; MUFI: 3.0
E43A	aeligmacracute	LATIN SMALL LETTER AE WITH MACRON AND ACUTE	Uni.: 5.1; MUFI: 3.0
E43D	aeligmacrbreve	LATIN SMALL LETTER AE WITH MACRON AND BREVE	Uni.: 5.1; MUFI: 3.0
E43F	aeligbreve	LATIN SMALL LETTER AE WITH BREVE	Uni.: 5.1; MUFI: 3.0
E440	aeligogon	LATIN SMALL LETTER AE WITH OGONEK	Uni.: 5.1; MUFI: 3.0
E441	aeligdblac	LATIN SMALL LETTER AE WITH DOUBLE ACUTE	Uni.: 5.1; MUFI: 3.0
E442	aeliguml	LATIN SMALL LETTER AE WITH DIAERESIS	Uni.: 5.1; MUFI: 3.0
E443	aeligdot	LATIN SMALL LETTER AE WITH DOT ABOVE	Uni.: 5.1; MUFI: 3.0
E444	bacute	LATIN SMALL LETTER B WITH ACUTE	Uni.: 5.1; MUFI: 3.0
E44D	bovlmed	LATIN SMALL LETTER B WITH MEDIUM-HIGH OVERLINE (ACROSS ASCENDER)	Uni.: 5.1; MUFI: 3.0
E466	cdotbl	LATIN SMALL LETTER C WITH DOT BELOW	Uni.: 5.1; MUFI: 3.0
E476	cogon	LATIN SMALL LETTER C WITH OGONEK	Uni.: 5.1; MUFI: 3.0
E477	dacute	LATIN SMALL LETTER D WITH ACUTE	Uni.: 5.1; MUFI: 3.0
E48F	ethdotbl	LATIN SMALL LETTER ETH WITH DOT BELOW	Uni.: 5.1; MUFI: 3.0
E491	dovlmed	LATIN SMALL LETTER D WITH MEDIUM-HIGH OVERLINE (ACROSS ASCENDER)	Uni.: 5.1; MUFI: 3.0
E498	edotblacute	LATIN SMALL LETTER E WITH DOT BELOW AND ACUTE	Uni.: 5.1; MUFI: 3.0
E499	eogonacute	LATIN SMALL LETTER E WITH OGONEK AND ACUTE	Uni.: 5.1; MUFI: 3.0
E49F	eogoncirc	LATIN SMALL LETTER E WITH OGONEK AND CIRCUMFLEX	Uni.: 5.1; MUFI: 3.0
E4B7	emacrbreve	LATIN SMALL LETTER E WITH MACRON AND BREVE	Uni.: 5.1; MUFI: 3.0
E4BC	eogonmacr	LATIN SMALL LETTER E WITH OGONEK AND MACRON	Uni.: 5.1; MUFI: 3.0
E4C8	edotacute	LATIN SMALL LETTER E WITH DOT ABOVE AND ACUTE	Uni.: 5.1; MUFI: 3.0
E4CD	eumlmacr	LATIN SMALL LETTER E WITH DIAERESIS AND MACRON	Uni.: 5.1; MUFI: 3.0
E4CF	ering	LATIN SMALL LETTER E WITH RING ABOVE	Uni.: 5.1; MUFI: 3.0
E4D1	edblac	LATIN SMALL LETTER E WITH DOUBLE ACUTE	Uni.: 5.1; MUFI: 3.0
E4E1	easup	LATIN SMALL LETTER E WITH LATIN SMALL LETTER A ABOVE	Uni.: 5.1; MUFI: 3.0
E4E2	eisup	LATIN SMALL LETTER E WITH LATIN SMALL LETTER I ABOVE	Uni.: 5.1; MUFI: 3.0
E4E3	evsup	LATIN SMALL LETTER E WITH LATIN SMALL LETTER V ABOVE	Uni.: 5.1; MUFI: 3.0
E4E8	eogondotbl	LATIN SMALL LETTER E WITH OGONEK AND DOT BELOW	Uni.: 5.1; MUFI: 3.0
E4E9	ecurl	LATIN SMALL LETTER E WITH CURL	Uni.: 5.1; MUFI: 3.0
E4EA	eogondblac	LATIN SMALL LETTER E WITH OGONEK AND DOUBLE ACUTE	Uni.: 5.1; MUFI: 3.0
E4EB	eogondot	LATIN SMALL LETTER E WITH OGONEK AND DOT ABOVE	Uni.: 5.1; MUFI: 3.0
E4EC	eogondotacute	LATIN SMALL LETTER E WITH OGONEK AND DOT ABOVE AND ACUTE	Uni.: 5.1; MUFI: 3.0
E4EE	fdotbl	LATIN SMALL LETTER F WITH DOT BELOW	Uni.: 5.1; MUFI: 3.0
E4F0	facute	LATIN SMALL LETTER F WITH ACUTE	Uni.: 5.1; MUFI: 3.0
E501	gdotbl	LATIN SMALL LETTER G WITH DOT BELOW	Uni.: 5.1; MUFI: 3.0
E516	hacute	LATIN SMALL LETTER H WITH ACUTE	Uni.: 5.1; MUFI: 3.0
E517	hovlmed	LATIN SMALL LETTER H WITH MEDIUM-HIGH OVERLINE (ACROSS ASCENDER)	Uni.: 5.1; MUFI: 3.0
E52A	icurl	LATIN SMALL LETTER I WITH CURL	Uni.: 5.1; MUFI: 3.0
E535	imacracute	LATIN SMALL LETTER I WITH MACRON AND ACUTE	Uni.: 5.1; MUFI: 3.0
E537	imacrbreve	LATIN SMALL LETTER I WITH MACRON AND BREVE	Uni.: 5.1; MUFI: 3.0
E543	idblac	LATIN SMALL LETTER I WITH DOUBLE ACUTE	Uni.: 5.1; MUFI: 3.0
E548	ibrevinvbl	LATIN SMALL LETTER I WITH INVERTED BREVE BELOW	Uni.: 5.1; MUFI: 3.0
E54A	iesup	LATIN SMALL LETTER I WITH LATIN SMALL LETTER E ABOVE	Uni.: 5.1; MUFI: 3.0
E54B	ivsup	LATIN SMALL LETTER I WITH LATIN SMALL LETTER V ABOVE	Uni.: 5.1; MUFI: 3.0
E550	iovlmed	LATIN SMALL LETTER I WITH MEDIUM-HIGH OVERLINE (ABOVE CHARACTER)	Uni.: 5.1; MUFI: 3.0
E551	jdotbl	LATIN SMALL LETTER J WITH DOT BELOW	Uni.: 5.1; MUFI: 3.0
E552	jovlmed	LATIN SMALL LETTER J WITH MEDIUM-HIGH OVERLINE (ABOVE CHARACTER)	Uni.: 5.1; MUFI: 3.0
E553	jacute	LATIN SMALL LETTER J WITH ACUTE	Uni.: 5.1; MUFI: 3.0
E554	jmacrmed	LATIN SMALL LETTER J WITH MEDIUM-HIGH MACRON (ABOVE CHARACTER)	Uni.: 5.1; MUFI: 3.0
E562	jdblac	LATIN SMALL LETTER J WITH DOUBLE ACUTE	Uni.: 5.1; MUFI: 3.0
E563	jcurl	LATIN SMALL LETTER J WITH CURL	Uni.: 5.1; MUFI: 3.0
E568	kdot	LATIN SMALL LETTER K WITH DOT ABOVE	Uni.: 5.1; MUFI: 3.0
E58C	lovlhigh	LATIN SMALL LETTER L WITH HIGH OVERLINE (ABOVE CHARACTER)	Uni.: 5.1; MUFI: 3.0
E596	lmacrhigh	LATIN SMALL LETTER L WITH HIGH MACRON (ABOVE CHARACTER)	Uni.: 5.1; MUFI: 3.0
E59E	ldot	LATIN SMALL LETTER L WITH DOT ABOVE	Uni.: 5.1; MUFI: 3.0
E5A4	lringbl	LATIN SMALL LETTER L WITH RING BELOW	Uni.: 5.1; MUFI: 3.0
E5B1	lovlmed	LATIN SMALL LETTER L WITH MEDIUM-HIGH OVERLINE (ACROSS ASCENDER)	Uni.: 5.1; MUFI: 3.0
E5B8	mmacrmed	LATIN SMALL LETTER M WITH MEDIUM-HIGH MACRON (ABOVE CHARACTER)	Uni.: 5.1; MUFI: 3.0
E5C5	mringbl	LATIN SMALL LETTER M WITH RING BELOW	Uni.: 5.1; MUFI: 3.0
E5D2	movlmed	LATIN SMALL LETTER M WITH MEDIUM-HIGH OVERLINE (ABOVE CHARACTER)	Uni.: 5.1; MUFI: 3.0
E5D7	ncirc	LATIN SMALL LETTER N WITH CIRCUMFLEX	Uni.: 5.1; MUFI: 3.0
E5DC	nmacrmed	LATIN SMALL LETTER N WITH MEDIUM-HIGH MACRON (ABOVE CHARACTER)	Uni.: 5.1; MUFI: 3.0
E5EE	nringbl	LATIN SMALL LETTER N WITH RING BELOW	Uni.: 5.1; MUFI: 3.0
E608	oogondotbl	LATIN SMALL LETTER O WITH OGONEK AND DOT BELOW	Uni.: 5.1; MUFI: 3.0
E60C	oogonacute	LATIN SMALL LETTER O WITH OGONEK AND ACUTE	Uni.: 5.1; MUFI: 3.0
E60E	oogoncirc	LATIN SMALL LETTER O WITH OGONEK AND CIRCUMFLEX	Uni.: 5.1; MUFI: 3.0
E61B	omacrbreve	LATIN SMALL LETTER O WITH MACRON AND BREVE	Uni.: 5.1; MUFI: 3.0
E62C	oumlacute	LATIN SMALL LETTER O WITH DIAERESIS AND ACUTE	Uni.: 5.1; MUFI: 3.0
E62D	oumlcirc	LATIN SMALL LETTER O WITH DIAERESIS AND CIRCUMFLEX	Uni.: 5.1; MUFI: 3.0
E637	oring	LATIN SMALL LETTER O WITH RING ABOVE	Uni.: 5.1; MUFI: 3.0
E643	oasup	LATIN SMALL LETTER O WITH LATIN SMALL LETTER A ABOVE	Uni.: 5.1; MUFI: 3.0
E644	oesup	LATIN SMALL LETTER O WITH LATIN SMALL LETTER E ABOVE	Uni.: 5.1; MUFI: 3.0
E645	oisup	LATIN SMALL LETTER O WITH LATIN SMALL LETTER I ABOVE	Uni.: 5.1; MUFI: 3.0
E646	ousup	LATIN SMALL LETTER O WITH LATIN SMALL LETTER U ABOVE	Uni.: 5.1; MUFI: 3.0
E647	ovsup	LATIN SMALL LETTER O WITH LATIN SMALL LETTER V ABOVE	Uni.: 5.1; MUFI: 3.0
E64F	oogoncurl	LATIN SMALL LETTER O WITH OGONEK AND CURL	Uni.: 5.1; MUFI: 3.0
E652	oslashmacr	LATIN SMALL LETTER O WITH STROKE AND MACRON	Uni.: 5.1; MUFI: 3.0
E653	oslashmacrbreve	LATIN SMALL LETTER O WITH STROKE AND MACRON AND BREVE	Uni.: 5.1; MUFI: 3.0
E655	oslashogon	LATIN SMALL LETTER O WITH STROKE AND OGONEK	Uni.: 5.1; MUFI: 3.0
E657	oslashogonacute	LATIN SMALL LETTER O WITH STROKE AND OGONEK AND ACUTE	Uni.: 5.1; MUFI: 3.0
E659	oeligacute	LATIN SMALL LIGATURE OE WITH ACUTE	Uni.: 5.1; MUFI: 3.0
E65D	oeligmacr	LATIN SMALL LIGATURE OE WITH MACRON	Uni.: 5.1; MUFI: 3.0
E660	oeligmacrbreve	LATIN SMALL LIGATURE OE WITH MACRON AND BREVE	Uni.: 5.1; MUFI: 3.0
E662	oeligogon	LATIN SMALL LIGATURE OE WITH OGONEK	Uni.: ; MUFI: 4.0
E665	pmacr	LATIN SMALL LETTER P WITH MACRON	Uni.: 5.1; MUFI: 3.0
E668	pdblac	LATIN SMALL LETTER P WITH DOUBLE ACUTE	Uni.: ; MUFI: 4.0
E66D	pdotbl	LATIN SMALL LETTER P WITH DOT BELOW	Uni.: 5.1; MUFI: 3.0
E681	qmacr	LATIN SMALL LETTER Q WITH MACRON	Uni.: 5.1; MUFI: 3.0
E682	qdot	LATIN SMALL LETTER Q WITH DOT ABOVE	Uni.: 5.1; MUFI: 3.0
E688	qdotbl	LATIN SMALL LETTER Q WITH DOT BELOW	Uni.: 5.1; MUFI: 3.0
E68B	qbardestilde	LATIN SMALL LETTER Q WITH STROKE THROUGH DESCENDER AND TILDE	Uni.: 5.1; MUFI: 3.0
E6A3	rringbl	LATIN SMALL LETTER R WITH RING BELOW	Uni.: 5.1; MUFI: 3.0
E6E2	tacute	LATIN SMALL LETTER T WITH ACUTE	Uni.: 5.1; MUFI: 3.0
E6EE	togon	LATIN SMALL LETTER T WITH OGONEK	Uni.: 5.1; MUFI: 3.0
E709	umacracute	LATIN SMALL LETTER U WITH MACRON AND ACUTE	Uni.: 5.1; MUFI: 3.0
E70B	umacrbreve	LATIN SMALL LETTER U WITH MACRON AND BREVE	Uni.: 5.1; MUFI: 3.0
E715	udot	LATIN SMALL LETTER U WITH DOT ABOVE	Uni.: 5.1; MUFI: 3.0
E717	uumlcirc	LATIN SMALL LETTER U WITH DIAERESIS AND CIRCUMFLEX	Uni.: 5.1; MUFI: 3.0
E724	uvertline	LATIN SMALL LETTER U WITH VERTICAL LINE ABOVE	Uni.: 5.1; MUFI: 3.0
E727	ubrevinvbl	LATIN SMALL LETTER U WITH INVERTED BREVE BELOW	Uni.: 5.1; MUFI: 3.0
E72B	uesup	LATIN SMALL LETTER U WITH LATIN SMALL LETTER E ABOVE	Uni.: 5.1; MUFI: 3.0
E72C	uisup	LATIN SMALL LETTER U WITH LATIN SMALL LETTER I ABOVE	Uni.: 5.1; MUFI: 3.0
E72D	uosup	LATIN SMALL LETTER U WITH LATIN SMALL LETTER O ABOVE	Uni.: 5.1; MUFI: 3.0
E731	ucurl	LATIN SMALL LETTER U WITH CURL	Uni.: 5.1; MUFI: 3.0
E734	thornslonglig	LATIN SMALL LIGATURE THORN AND LONG S	Uni.: 5.1; MUFI: 3.0
E735	thornslongligbar	LATIN SMALL LIGATURE THORN AND LONG S WITH STROKE	Uni.: 5.1; MUFI: 3.0
E737	thornacute	LATIN SMALL LETTER THORN WITH ACUTE	Uni.: 5.1; MUFI: 3.0
E73A	vacute	LATIN SMALL LETTER V WITH ACUTE	Uni.: 5.1; MUFI: 3.0
E73B	vcirc	LATIN SMALL LETTER V WITH CIRCUMFLEX	Uni.: 5.1; MUFI: 3.0
E742	vuml	LATIN SMALL LETTER V WITH DIAERESIS	Uni.: 5.1; MUFI: 3.0
E743	vring	LATIN SMALL LETTER V WITH RING ABOVE	Uni.: 5.1; MUFI: 3.0
E74B	vdblac	LATIN SMALL LETTER V WITH DOUBLE ACUTE	Uni.: 5.1; MUFI: 3.0
E74C	vdot	LATIN SMALL LETTER V WITH DOT ABOVE	Uni.: 5.1; MUFI: 3.0
E74D	vmacr	LATIN SMALL LETTER V WITH MACRON	Uni.: 5.1; MUFI: 3.0
E74E	vbar	LATIN SMALL LETTER V WITH BAR	Uni.: 5.1; MUFI: 3.0
E74F	vvertline	LATIN SMALL LETTER V WITH VERTICAL LINE ABOVE	Uni.: ; MUFI: 4.0
E750	wdblac	LATIN SMALL LETTER W WITH DOUBLE ACUTE	Uni.: 5.1; MUFI: 3.0
E753	wesup	LATIN SMALL LETTER W WITH LATIN SMALL LETTER E ABOVE	Uni.: 5.1; MUFI: 3.0
E754	wosup	LATIN SMALL LETTER W WITH LATIN SMALL LETTER O ABOVE	Uni.: 5.1; MUFI: 3.0
E757	wmacr	LATIN SMALL LETTER W WITH MACRON	Uni.: 5.1; MUFI: 3.0
E773	ymacracute	LATIN SMALL LETTER Y WITH MACRON AND ACUTE	Uni.: 5.1; MUFI: 3.0
E775	ymacrbreve	LATIN SMALL LETTER Y WITH MACRON AND BREVE	Uni.: 5.1; MUFI: 3.0
E776	ybreve	LATIN SMALL LETTER Y WITH BREVE	Uni.: 5.1; MUFI: 3.0
E77B	ybar	LATIN SMALL LETTER Y WITH BAR	Uni.: 5.1; MUFI: 3.0
E77C	ydblac	LATIN SMALL LETTER Y WITH DOUBLE ACUTE	Uni.: 5.1; MUFI: 3.0
E781	yesup	LATIN SMALL LETTER Y WITH LATIN SMALL LETTER E ABOVE	Uni.: 5.1; MUFI: 3.0
E784	ydotacute	LATIN SMALL LETTER Y WITH DOT ABOVE AND ACUTE	Uni.: 5.1; MUFI: 3.0
E785	ycurl	LATIN SMALL LETTER Y WITH CURL	Uni.: 5.1; MUFI: 3.0
E79E	slongovlmed	LATIN SMALL LETTER LONG S WITH MEDIUM-HIGH OVERLINE (ACROSS ASCENDER)	Uni.: 5.1; MUFI: 3.0
E79F	thorndotbl	LATIN SMALL LETTER THORN WITH DOT BELOW	Uni.: 5.1; MUFI: 3.0
E7A2	thornovlmed	LATIN SMALL LETTER THORN WITH MEDIUM-HIGH OVERLINE (ACROSS ASCENDER)	Uni.: 5.1; MUFI: 3.0
E7B2	nbar	LATIN SMALL LETTER N WITH BAR	Uni.: 5.1; MUFI: 3.0
E7C1	rrotdotbl	LATIN SMALL LETTER R ROTUNDA WITH DOT BELOW	Uni.: 5.1; MUFI: 3.0
E7C2	slongdotbl	LATIN SMALL LETTER LONG S WITH DOT BELOW	Uni.: 5.1; MUFI: 3.0
E7C3	kovlmed	LATIN SMALL LETTER K WITH MEDIUM-HIGH OVERLINE (ACROSS ASCENDER)	Uni.: 5.1; MUFI: 3.0
E7C7	hslongligbar	LATIN SMALL LIGATURE H AND LONG S WITH STROKE	Uni.: 5.1; MUFI: 3.0
E7C8	kslongligbar	LATIN SMALL LIGATURE K AND LONG S WITH STROKE	Uni.: 5.1; MUFI: 3.0
E7CC	oopenmacr	LATIN SMALL LETTER OPEN O WITH MACRON	Uni.: 5.1; MUFI: 3.0
E7D3	ocurl	LATIN SMALL LETTER O WITH CURL	Uni.: 5.1; MUFI: 3.0
E7D4	oslashcurl	LATIN SMALL LETTER O WITH STROKE AND CURL	Uni.: 5.1; MUFI: 3.0
E7E4	rdesstrok	LATIN SMALL LETTER R WITH LONG LEG AND STROKE THROUGH DESCENDER	Uni.: 5.1; MUFI: 3.0
E7E5	finsdotbl	LATIN SMALL LETTER INSULAR F WITH DOT BELOW	Uni.: 5.1; MUFI: 3.0
E7E6	vinsdotbl	LATIN SMALL LETTER INSULAR V (VEND) WITH DOT BELOW	Uni.: 5.1; MUFI: 3.0
E7E7	vinsdot	LATIN SMALL LETTER INSULAR V (VEND) WITH DOT ABOVE	Uni.: 5.1; MUFI: 3.0
E8A1	idblstrok	LATIN SMALL LETTER I WITH TWO STROKES	Uni.: ; MUFI: 4.0
E8A2	jdblstrok	LATIN SMALL LETTER J WITH TWO STROKES	Uni.: ; MUFI: 4.0
E8A3	autem	LATIN ABBREVIATION SIGN AUTEM	Uni.: ; MUFI: 4.0
E8B3	q2app	LATIN SMALL LETTER Q LIGATED WITH R ROTUNDA	Uni.: 5.1; MUFI: 3.0
E8B4	qcentrslstrok	LATIN SMALL LETTER Q WITH CENTRAL SLANTED STROKE	Uni.: 5.1; MUFI: 3.0
E8B7	slongflour	LATIN SMALL LETTER LONG S WITH FLOURISH	Uni.: 5.1; MUFI: 3.0
E8B8	slongslstrok	LATIN SMALL LETTER LONG S WITH SLANTED DESCENDING STROKE	Uni.: 5.1; MUFI: 3.0
E8BA	vslash	LATIN SMALL LETTER V WITH SHORT SLASH	Uni.: 5.1; MUFI: 3.0
E8BB	vslashura	LATIN SMALL LETTER V WITH SHORT SLASH ABOVE RIGHT	Uni.: ; MUFI: 4.0 auto
E8BC	vslashuradbl	LATIN SMALL LETTER V WITH TWO SHORT SLASHES ABOVE RIGHT	Uni.: ; MUFI: 4.0 auto
E8BD	xslashula	LATIN SMALL LETTER X WITH SHORT SLASH ABOVE	Uni.: 5.1; MUFI: 3.0
E8BE	xslashlra	LATIN SMALL LETTER X WITH SHORT SLASH BELOW	Uni.: 5.1; MUFI: 3.0
E8BF	q3app	LATIN SMALL LETTER Q LIGATED WITH FINAL ET	Uni.: 5.1; MUFI: 3.0
E8C1	thornrarmlig	LATIN SMALL LETTER THORN LIGATED WITH ARM OF LATIN SMALL LETTER R	Uni.: ; MUFI: 3.0
E8C2	Hrarmlig	LATIN CAPITAL LETTER H LIGATED WITH ARM OF LATIN SMALL LETTER R	Uni.: ; MUFI: 3.0
E8C3	hrarmlig	LATIN SMALL LETTER H LIGATED WITH ARM OF LATIN SMALL LETTER R	Uni.: ; MUFI: 3.0
E8C5	krarmlig	LATIN SMALL LETTER K LIGATED WITH ARM OF LATIN SMALL LETTER R	Uni.: ; MUFI: 3.0
E8C6	UUlig	LATIN CAPITAL LIGATURE UU	Uni.: ; MUFI: 4.0 auto
E8C7	uulig	LATIN SMALL LIGATURE UU	Uni.: ; MUFI: 4.0 auto
E8C8	UElig	LATIN CAPITAL LIGATURE UE	Uni.: ; MUFI: 4.0 auto
E8C9	uelig	LATIN SMALL LIGATURE UE	Uni.: ; MUFI: 4.0 auto
E8CE	xslashlradbl	LATIN SMALL LETTER X WITH TWO SHORT SLASHES BELOW RIGHT	Uni.: ; MUFI: 4.0 auto
E8D1	aeligring	LATIN SMALL LETTER AE WITH RING ABOVE	Uni.: ; MUFI: 3.0
E8D3	aeligogonacute	LATIN SMALL LETTER AE WITH OGONEK AND ACUTE	Uni.: ; MUFI: 3.0
E8D5	adiaguml	LATIN SMALL LETTER A WITH DIAGONAL DIAERESIS	Uni.: ; MUFI: 3.0
E8D7	odiaguml	LATIN SMALL LETTER O WITH DIAGONAL DIAERESIS	Uni.: ; MUFI: 3.0
E8DD	inodotogon	LATIN SMALL LETTER DOTLESS I WITH OGONEK	Uni.: ; MUFI: 4.0 auto
E8DE	orrotlig	LATIN SMALL LIGATURE O R ROTUNDA	Uni.: ; MUFI: 4.0 auto
E8DF	slonglbarlig	LATIN SMALL LIGATURE LONG S L WITH STROKE	Uni.: ; MUFI: 4.0 auto
E8E0	iesup	LATIN SMALL LETTER A WITH LATIN SMALL LETTER I ABOVE	Uni.: ; MUFI: 3.0
E8E1	ausup	LATIN SMALL LETTER A WITH LATIN SMALL LETTER U ABOVE	Uni.: ; MUFI: 3.0
E8E2	eesup	LATIN SMALL LETTER E WITH LATIN SMALL LETTER E ABOVE	Uni.: ; MUFI: 3.0
E8E3	eosup	LATIN SMALL LETTER E WITH LATIN SMALL LETTER O ABOVE	Uni.: ; MUFI: 3.0
E8E4	iasup	LATIN SMALL LETTER I WITH LATIN SMALL LETTER A ABOVE	Uni.: ; MUFI: 3.0
E8E5	iosup	LATIN SMALL LETTER I WITH LATIN SMALL LETTER O ABOVE	Uni.: ; MUFI: 3.0
E8E6	iusup	LATIN SMALL LETTER I WITH LATIN SMALL LETTER U ABOVE	Uni.: ; MUFI: 3.0
E8E7	jesup	LATIN SMALL LETTER J WITH LATIN SMALL LETTER E ABOVE	Uni.: ; MUFI: 3.0
E8E8	mesup	LATIN SMALL LETTER M WITH LATIN SMALL LETTER E ABOVE	Uni.: ; MUFI: 3.0
E8E9	oosup	LATIN SMALL LETTER O WITH LATIN SMALL LETTER O ABOVE	Uni.: ; MUFI: 3.0
E8EA	resup	LATIN SMALL LETTER R WITH LATIN SMALL LETTER E ABOVE	Uni.: ; MUFI: 3.0
E8EB	uasup	LATIN SMALL LETTER U WITH LATIN SMALL LETTER A ABOVE	Uni.: ; MUFI: 3.0
E8EC	uvsup	LATIN SMALL LETTER U WITH LATIN SMALL LETTER V ABOVE	Uni.: ; MUFI: 3.0
E8ED	uwsup	LATIN SMALL LETTER U WITH LATIN SMALL LETTER W ABOVE	Uni.: ; MUFI: 3.0
E8F0	wasup	LATIN SMALL LETTER W WITH LATIN SMALL LETTER A ABOVE	Uni.: ; MUFI: 3.0
E8F1	wisup	LATIN SMALL LETTER W WITH LATIN SMALL LETTER I ABOVE	Uni.: ; MUFI: 3.0
E8F2	wusup	LATIN SMALL LETTER W WITH LATIN SMALL LETTER U ABOVE	Uni.: ; MUFI: 3.0
E8F3	wvsup	LATIN SMALL LETTER W WITH LATIN SMALL LETTER V ABOVE	Uni.: ; MUFI: 3.0
EAD0	grlig	LATIN SMALL LIGATURE GR	Uni.: ; MUFI: 3.0
EAD1	qvinslig	LATIN SMALL LIGATURE Q INSULAR V	Uni.: ; MUFI: 3.0
EAD2	gplig	LATIN SMALL LIGATURE GP	Uni.: ; MUFI: 3.0
EADA	slongdestlig	LATIN SMALL LIGATURE LONG S DESCENDING T	Uni.: ; MUFI: 3.0
EAF0	aenlacute	LATIN ENLARGED LETTER SMALL A WITH ACUTE	Uni.: ; MUFI: 3.0
EAF1	aeligenl	LATIN ENLARGED LETTER SMALL LIGATURE AE	Uni.: ; MUFI: 3.0
EAF2	aenlosmalllig	LATIN LIGATURE ENLARGED LETTER SMALL A AND LATIN SMALL LETTER O	Uni.: ; MUFI: 3.0
EAF3	eogonenl	LATIN ENLARGED LETTER SMALL E WITH OGONEK	Uni.: ; MUFI: 3.0
EBA0	slongaumllig	LATIN SMALL LIGATURE LONG S A WITH DIAERESIS	Uni.: ; MUFI: 3.0
EBA1	slonghlig	LATIN SMALL LIGATURE LONG S H	Uni.: ; MUFI: 3.0
EBA2	slongilig	LATIN SMALL LIGATURE LONG S I	Uni.: ; MUFI: 3.0
EBA3	slongllig	LATIN SMALL LIGATURE LONG S L	Uni.: ; MUFI: 3.0
EBA4	slongoumllig	LATIN SMALL LIGATURE LONG S O WITH DIAERESIS	Uni.: ; MUFI: 3.0
EBA5	slongplig	LATIN SMALL LIGATURE LONG S P	Uni.: ; MUFI: 3.0
EBA6	slongslonglig	LATIN SMALL LIGATURE LONG S LONG S	Uni.: ; MUFI: 3.0
EBA7	slongslongilig	LATIN SMALL LIGATURE LONG S LONG S I	Uni.: ; MUFI: 3.0
EBA8	slongslongllig	LATIN SMALL LIGATURE LONG S LONG S L	Uni.: ; MUFI: 3.0
EBA9	slongtilig	LATIN SMALL LIGATURE LONG S TI	Uni.: ; MUFI: 3.0
EBAA	slongtrlig	LATIN SMALL LIGATURE LONG S TR	Uni.: ; MUFI: 3.0
EBAB	slonguumllig	LATIN SMALL LIGATURE LONG S U WITH DIAERESIS	Uni.: ; MUFI: 3.0
EBAC	slongvinslig	LATIN SMALL LIGATURE LONG S INSULAR V	Uni.: ; MUFI: 3.0
EBAD	hslonglig	LATIN SMALL LIGATURE H AND LONG S	Uni.: ; MUFI: 3.0
EBAE	kslonglig	LATIN SMALL LIGATURE K AND LONG S	Uni.: ; MUFI: 3.0
EBAF	slongacute	LATIN SMALL LETTER LONG S WITH ACUTE	Uni.: ; MUFI: 3.0
EBB0	AVligslashacute	LATIN CAPITAL LIGATURE AV WITH STROKE AND ACUTE	Uni.: ; MUFI: 3.0
EBB1	avligslashacute	LATIN SMALL LIGATURE AV WITH STROKE AND ACUTE	Uni.: ; MUFI: 3.0
EBB2	drotacute	LATIN SMALL LETTER D ROTUNDA WITH ACUTE	Uni.: ; MUFI: 3.0
EBB3	Finsacute	LATIN CAPITAL LETTER INSULAR F WITH ACUTE	Uni.: ; MUFI: 3.0
EBB4	finsacute	LATIN SMALL LETTER INSULAR F WITH ACUTE	Uni.: ; MUFI: 3.0
EBB5	Muncacute	LATIN CAPITAL LETTER UNCIAL M WITH ACUTE	Uni.: ; MUFI: 3.0
EBB6	muncacute	LATIN SMALL LETTER UNCIAL M WITH ACUTE	Uni.: ; MUFI: 3.0
EBB7	Ocurlacute	LATIN CAPITAL LETTER O WITH CURL AND ACUTE	Uni.: ; MUFI: 3.0
EBB8	ocurlacute	LATIN SMALL LETTER O WITH CURL AND ACUTE	Uni.: ; MUFI: 3.0
EBB9	rrotacute	LATIN SMALL LETTER R ROTUNDA WITH ACUTE	Uni.: ; MUFI: 3.0
EBBA	Vinsacute	LATIN CAPITAL LETTER INSULAR V (VEND) WITH ACUTE	Uni.: ; MUFI: 3.0
EBBB	vinsacute	LATIN SMALL LETTER INSULAR V (VEND) WITH ACUTE	Uni.: ; MUFI: 3.0
EBBD	eacombcirc	LATIN SMALL LETTER EA WITH CIRCUMFLEX	Uni.: ; MUFI: 3.0
EBBE	eucombcirc	LATIN SMALL LETTER EU WITH CIRCUMFLEX	Uni.: ; MUFI: 3.0
EBBF	ucurlbar	LATIN SMALL LETTER U WITH CURLY BAR ABOVE	Uni.: ; MUFI: 3.0
EBC0	AOligdblac	LATIN CAPITAL LIGATURE AO WITH DOUBLE ACUTE	Uni.: ; MUFI: 3.0
EBC1	aoligdblac	LATIN SMALL LIGATURE AO WITH DOUBLE ACUTE	Uni.: ; MUFI: 3.0
EBC2	AVligdblac	LATIN CAPITAL LIGATURE AV WITH DOUBLE ACUTE	Uni.: ; MUFI: 3.0
EBC3	avligdblac	LATIN SMALL LIGATURE AV WITH DOUBLE ACUTE	Uni.: ; MUFI: 3.0
EBC4	Oogondblac	LATIN CAPITAL LETTER O WITH OGONEK AND DOUBLE ACUTE	Uni.: ; MUFI: 3.0
EBC5	oogondblac	LATIN SMALL LETTER O WITH OGONEK AND DOUBLE ACUTE	Uni.: ; MUFI: 3.0
EBC6	Oslashdblac	LATIN CAPITAL LETTER O WITH STROKE AND DOUBLE ACUTE	Uni.: ; MUFI: 3.0
EBC7	oslashdblac	LATIN SMALL LETTER O WITH STROKE AND DOUBLE ACUTE	Uni.: ; MUFI: 3.0
EBC8	OEligdblac	LATIN CAPITAL LIGATURE OE WITH DOUBLE ACUTE	Uni.: ; MUFI: 3.0
EBC9	oeligdblac	LATIN SMALL LIGATURE OE WITH DOUBLE ACUTE	Uni.: ; MUFI: 3.0
EBCA	YYligdblac	LATIN CAPITAL LIGATURE YY WITH DOUBLE ACUTE	Uni.: ; MUFI: 3.0
EBCB	yyligdblac	LATIN SMALL LIGATURE YY WITH DOUBLE ACUTE	Uni.: ; MUFI: 3.0
EBCD	Oslashdot	LATIN CAPITAL LETTER O WITH STROKE AND DOT ABOVE	Uni.: ; MUFI: 3.0
EBCE	oslashdot	LATIN SMALL LETTER O WITH STROKE AND DOT ABOVE	Uni.: ; MUFI: 3.0
EBCF	pscapdot	LATIN LETTER SMALL CAPITAL P WITH DOT ABOVE	Uni.: ; MUFI: 3.0
EBD0	bscapdot	LATIN LETTER SMALL CAPITAL B WITH DOT ABOVE	Uni.: ; MUFI: 3.0
EBD1	drotdot	LATIN SMALL LETTER D ROTUNDA WITH DOT ABOVE	Uni.: ; MUFI: 3.0
EBD2	dscapdot	LATIN LETTER SMALL CAPITAL D WITH DOT ABOVE	Uni.: ; MUFI: 3.0
EBD3	Finsdot	LATIN CAPITAL LETTER INSULAR F WITH DOT ABOVE	Uni.: ; MUFI: 3.0
EBD4	finsdot	LATIN SMALL LETTER INSULAR F WITH DOT ABOVE	Uni.: ; MUFI: 3.0
EBD5	finssemiclosedot	LATIN SMALL LETTER SEMI-CLOSED INSULAR F WITH DOT ABOVE	Uni.: ; MUFI: 3.0
EBD6	finsclosedot	LATIN SMALL LETTER CLOSED INSULAR F WITH DOT ABOVE	Uni.: ; MUFI: 3.0
EBD7	fscapdot	LATIN LETTER SMALL CAPITAL F WITH DOT ABOVE	Uni.: ; MUFI: 3.0
EBDA	hscapdot	LATIN LETTER SMALL CAPITAL H WITH DOT ABOVE	Uni.: ; MUFI: 3.0
EBDB	kscapdot	LATIN LETTER SMALL CAPITAL K WITH DOT ABOVE	Uni.: ; MUFI: 3.0
EBDC	lscapdot	LATIN LETTER SMALL CAPITAL L WITH DOT ABOVE	Uni.: ; MUFI: 3.0
EBDD	mscapdot	LATIN LETTER SMALL CAPITAL M WITH DOT ABOVE	Uni.: ; MUFI: 3.0
EBDE	Oogondot	LATIN CAPITAL LETTER O WITH OGONEK AND DOT ABOVE	Uni.: ; MUFI: 3.0
EBDF	oogondot	LATIN SMALL LETTER O WITH OGONEK AND DOT ABOVE	Uni.: ; MUFI: 3.0
EBE0	Oslashdotbl	LATIN CAPITAL LETTER O WITH STROKE AND DOT BELOW	Uni.: ; MUFI: 3.0
EBE1	oslashdotbl	LATIN SMALL LETTER O WITH STROKE AND DOT BELOW	Uni.: ; MUFI: 3.0
EBE2	Juml	LATIN CAPITAL LETTER J WITH DIAERESIS	Uni.: ; MUFI: 3.0
EBE3	juml	LATIN SMALL LETTER J WITH DIAERESIS	Uni.: ; MUFI: 3.0
EBE4	OOliguml	LATIN CAPITAL LIGATURE OO WITH DIAERESIS	Uni.: ; MUFI: 3.0
EBE5	ooliguml	LATIN SMALL LIGATURE OO WITH DIAERESIS	Uni.: ; MUFI: 3.0
EBE6	PPliguml	LATIN CAPITAL LIGATURE PP WITH DIAERESIS	Uni.: ; MUFI: 3.0
EBE7	ppliguml	LATIN SMALL LIGATURE PP WITH DIAERESIS	Uni.: ; MUFI: 3.0
EBE8	YYliguml	LATIN CAPITAL LIGATURE YY WITH DIAERESIS	Uni.: ; MUFI: 3.0
EBE9	yyliguml	LATIN SMALL LIGATURE YY WITH DIAERESIS	Uni.: ; MUFI: 3.0
EBEA	AEligcurl	LATIN CAPITAL LETTER AE WITH CURL	Uni.: ; MUFI: 3.0
EBEB	aeligcurl	LATIN SMALL LETTER AE WITH CURL	Uni.: ; MUFI: 3.0
EBEC	Oslashmacracute	LATIN CAPITAL LETTER O WITH STROKE AND MACRON AND ACUTE	Uni.: ; MUFI: 3.0
EBED	oslashmacracute	LATIN SMALL LETTER O WITH STROKE AND MACRON AND ACUTE	Uni.: ; MUFI: 3.0
EBEE	Oslashbreve	LATIN CAPITAL LETTER O WITH STROKE AND BREVE	Uni.: ; MUFI: 3.0
EBEF	oslashbreve	LATIN SMALL LETTER O WITH STROKE AND BREVE	Uni.: ; MUFI: 3.0
EBF0	AVligogon	LATIN CAPITAL LIGATURE AV WITH OGONEK	Uni.: ; MUFI: 3.0
EBF1	avligogon	LATIN SMALL LIGATURE AV WITH OGONEK	Uni.: ; MUFI: 3.0
EBF2	Eogoncurl	LATIN CAPITAL LETTER E WITH OGONEK AND CURL	Uni.: ; MUFI: 3.0
EBF3	eogoncurl	LATIN SMALL LETTER E WITH OGONEK AND CURL	Uni.: ; MUFI: 3.0
EBF4	Adotacute	LATIN CAPITAL LETTER A WITH DOT ABOVE AND ACUTE	Uni.: ; MUFI: 3.0
EBF5	adotacute	LATIN SMALL LETTER A WITH DOT ABOVE AND ACUTE	Uni.: ; MUFI: 3.0
EBF6	Idotacute	LATIN CAPITAL LETTER I WITH DOT ABOVE AND ACUTE	Uni.: ; MUFI: 3.0
EBF7	idotacute	LATIN SMALL LETTER I WITH DOT ABOVE AND ACUTE	Uni.: ; MUFI: 3.0
EBF8	Odotacute	LATIN CAPITAL LETTER O WITH DOT ABOVE AND ACUTE	Uni.: ; MUFI: 3.0
EBF9	odotacute	LATIN SMALL LETTER O WITH DOT ABOVE AND ACUTE	Uni.: ; MUFI: 3.0
EBFA	Oogondotacute	LATIN CAPITAL LETTER O WITH OGONEK AND DOT ABOVE AND ACUTE	Uni.: ; MUFI: 3.0
EBFB	oogondotacute	LATIN SMALL LETTER O WITH OGONEK AND DOT ABOVE AND ACUTE	Uni.: ; MUFI: 3.0
EBFC	Oslashdotacute	LATIN CAPITAL LETTER O WITH STROKE AND DOT ABOVE AND ACUTE	Uni.: ; MUFI: 3.0
EBFD	oslashdotacute	LATIN SMALL LETTER O WITH STROKE AND DOT ABOVE AND ACUTE	Uni.: ; MUFI: 3.0
EBFE	Udotacute	LATIN CAPITAL LETTER U WITH DOT ABOVE AND ACUTE	Uni.: ; MUFI: 3.0
EBFF	udotacute	LATIN SMALL LETTER U WITH DOT ABOVE AND ACUTE	Uni.: ; MUFI: 3.0
EEC2	bblig	LATIN SMALL LIGATURE BB	Uni.: ; MUFI: 3.0
EEC3	bglig	LATIN SMALL LIGATURE BG	Uni.: ; MUFI: 3.0
EEC4	cklig	LATIN SMALL LIGATURE CK	Uni.: ; MUFI: 3.0
EEC5	ctlig	LATIN SMALL LIGATURE CT	Uni.: ; MUFI: 3.0
EEC6	drotdrotlig	LATIN SMALL LIGATURE DD ROTUNDA	Uni.: ; MUFI: 3.0
EEC7	eylig	LATIN SMALL LIGATURE EY	Uni.: ; MUFI: 3.0
EEC8	faumllig	LATIN SMALL LIGATURE F A WITH DIAERESIS	Uni.: ; MUFI: 3.0
EEC9	fjlig	LATIN SMALL LIGATURE FJ	Uni.: ; MUFI: 3.0
EECA	frlig	LATIN SMALL LIGATURE FR	Uni.: ; MUFI: 3.0
EECB	ftlig	LATIN SMALL LIGATURE FT	Uni.: ; MUFI: 3.0
EECC	fuumllig	LATIN SMALL LIGATURE F U WITH DIAERESIS	Uni.: ; MUFI: 3.0
EECD	fylig	LATIN SMALL LIGATURE FY	Uni.: ; MUFI: 3.0
EECE	fftlig	LATIN SMALL LIGATURE FFT	Uni.: ; MUFI: 3.0
EECF	ffylig	LATIN SMALL LIGATURE FFY	Uni.: ; MUFI: 3.0
EED0	ftylig	LATIN SMALL LIGATURE FTY	Uni.: ; MUFI: 3.0
EED1	gglig	LATIN SMALL LIGATURE GG	Uni.: ; MUFI: 3.0
EED2	gdlig	LATIN SMALL LIGATURE GD	Uni.: ; MUFI: 3.0
EED3	gdrotlig	LATIN SMALL LIGATURE G D ROTUNDA	Uni.: ; MUFI: 3.0
EED4	gethlig	LATIN SMALL LIGATURE G ETH	Uni.: ; MUFI: 3.0
EED5	nscapslonglig	LATIN SMALL LIGATURE SMALL CAPITAL N LONG S	Uni.: ; MUFI: 3.0
EED6	pplig	LATIN SMALL LIGATURE PP	Uni.: ; MUFI: 3.0
EED7	ppflourlig	LATIN SMALL LIGATURE PP WITH FLOURISH	Uni.: ; MUFI: 3.0
EED8	trlig	LATIN SMALL LIGATURE TR	Uni.: ; MUFI: 3.0
EED9	ttlig	LATIN SMALL LIGATURE TT	Uni.: ; MUFI: 3.0
EEDA	trottrotlig	LATIN SMALL LIGATURE T ROTUNDA T ROTUNDA	Uni.: ; MUFI: 3.0
EEDB	tylig	LATIN SMALL LIGATURE TY	Uni.: ; MUFI: 3.0
EEDC	tzlig	LATIN SMALL LIGATURE TZ	Uni.: ; MUFI: 3.0
EEDD	PPlig	LATIN CAPITAL LIGATURE PP	Uni.: ; MUFI: 3.0
EEDE	golig	LATIN SMALL LIGATURE GO	Uni.: ; MUFI: 3.0
EEDF	slongenl	LATIN ENLARGED LETTER SMALL LONG S	Uni.: ; MUFI: 3.0
EEE0	aenl	LATIN ENLARGED LETTER SMALL A	Uni.: ; MUFI: 3.0
EEE1	benl	LATIN ENLARGED LETTER SMALL B	Uni.: ; MUFI: 3.0
EEE2	cenl	LATIN ENLARGED LETTER SMALL C	Uni.: ; MUFI: 3.0
EEE3	denl	LATIN ENLARGED LETTER SMALL D	Uni.: ; MUFI: 3.0
EEE4	drotenl	LATIN ENLARGED LETTER D ROTUNDA	Uni.: ; MUFI: 3.0
EEE5	ethenl	LATIN ENLARGED LETTER SMALL ETH	Uni.: ; MUFI: 3.0
EEE6	eenl	LATIN ENLARGED LETTER SMALL E	Uni.: ; MUFI: 3.0
EEE7	fenl	LATIN ENLARGED LETTER SMALL F	Uni.: ; MUFI: 3.0
EEE8	genl	LATIN ENLARGED LETTER SMALL G	Uni.: ; MUFI: 3.0
EEE9	henl	LATIN ENLARGED LETTER SMALL H	Uni.: ; MUFI: 3.0
EEEA	ienl	LATIN ENLARGED LETTER SMALL I	Uni.: ; MUFI: 3.0
EEEB	jenl	LATIN ENLARGED LETTER SMALL J	Uni.: ; MUFI: 3.0
EEEC	kenl	LATIN ENLARGED LETTER SMALL K	Uni.: ; MUFI: 3.0
EEED	lenl	LATIN ENLARGED LETTER SMALL L	Uni.: ; MUFI: 3.0
EEEE	menl	LATIN ENLARGED LETTER SMALL M	Uni.: ; MUFI: 3.0
EEEF	nenl	LATIN ENLARGED LETTER SMALL N	Uni.: ; MUFI: 3.0
EEF0	oenl	LATIN ENLARGED LETTER SMALL O	Uni.: ; MUFI: 3.0
EEF1	penl	LATIN ENLARGED LETTER SMALL P	Uni.: ; MUFI: 3.0
EEF2	qenl	LATIN ENLARGED LETTER SMALL Q	Uni.: ; MUFI: 3.0
EEF3	renl	LATIN ENLARGED LETTER SMALL R	Uni.: ; MUFI: 3.0
EEF4	senl	LATIN ENLARGED LETTER SMALL S	Uni.: ; MUFI: 3.0
EEF5	tenl	LATIN ENLARGED LETTER SMALL T	Uni.: ; MUFI: 3.0
EEF6	thornenl	LATIN ENLARGED LETTER SMALL THORN	Uni.: ; MUFI: 3.0
EEF7	uenl	LATIN ENLARGED LETTER SMALL U	Uni.: ; MUFI: 3.0
EEF8	venl	LATIN ENLARGED LETTER SMALL V	Uni.: ; MUFI: 3.0
EEF9	wenl	LATIN ENLARGED LETTER SMALL W	Uni.: ; MUFI: 3.0
EEFA	xenl	LATIN ENLARGED LETTER SMALL X	Uni.: ; MUFI: 3.0
EEFB	yenl	LATIN ENLARGED LETTER SMALL Y	Uni.: ; MUFI: 3.0
EEFC	zenl	LATIN ENLARGED LETTER SMALL Z	Uni.: ; MUFI: 3.0
EEFD	inodotenl	LATIN ENLARGED LETTER SMALL DOTLESS I	Uni.: ; MUFI: 3.0
EEFE	jnodotenl	LATIN ENLARGED LETTER SMALL DOTLESS J	Uni.: ; MUFI: 3.0
EEFF	finsenl	LATIN ENLARGED LETTER SMALL INSULAR F	Uni.: ; MUFI: 3.0
EF0C	qscap	LATIN LETTER SMALL CAPITAL Q	Uni.: ; MUFI: 3.0
EF11	xscap	LATIN LETTER SMALL CAPITAL X	Uni.: ; MUFI: 3.0
EF15	thornscap	LATIN LETTER SMALL CAPITAL THORN	Uni.: ; MUFI: 3.0
EF20	gscapdot	LATIN LETTER SMALL CAPITAL G WITH DOT ABOVE	Uni.: ; MUFI: 3.0
EF21	nscapdot	LATIN LETTER SMALL CAPITAL N WITH DOT ABOVE	Uni.: ; MUFI: 3.0
EF22	rscapdot	LATIN LETTER SMALL CAPITAL R WITH DOT ABOVE	Uni.: ; MUFI: 3.0
EF23	sscapdot	LATIN LETTER SMALL CAPITAL S WITH DOT ABOVE	Uni.: ; MUFI: 3.0
EF24	tscapdot	LATIN LETTER SMALL CAPITAL T WITH DOT ABOVE	Uni.: ; MUFI: 3.0
EF25	bscapdotbl	LATIN LETTER SMALL CAPITAL B WITH DOT BELOW	Uni.: ; MUFI: 3.0
EF26	dscapdotbl	LATIN LETTER SMALL CAPITAL D WITH DOT BELOW	Uni.: ; MUFI: 3.0
EF27	gscapdotbl	LATIN LETTER SMALL CAPITAL G WITH DOT BELOW	Uni.: ; MUFI: 3.0
EF28	lscapdotbl	LATIN LETTER SMALL CAPITAL L WITH DOT BELOW	Uni.: ; MUFI: 3.0
EF29	mscapdotbl	LATIN LETTER SMALL CAPITAL M WITH DOT BELOW	Uni.: ; MUFI: 3.0
EF2A	nscapdotbl	LATIN LETTER SMALL CAPITAL N WITH DOT BELOW	Uni.: ; MUFI: 3.0
EF2B	rscapdotbl	LATIN LETTER SMALL CAPITAL R WITH DOT BELOW	Uni.: ; MUFI: 3.0
EF2C	sscapdotbl	LATIN LETTER SMALL CAPITAL S WITH DOT BELOW	Uni.: ; MUFI: 3.0
EF2D	tscapdotbl	LATIN LETTER SMALL CAPITAL T WITH DOT BELOW	Uni.: ; MUFI: 3.0
EFA0	aacloselig	LATIN SMALL LIGATURE AA CLOSED FORM	Uni.: ; MUFI: 3.0
EFA1	anecklesselig	LATIN SMALL LIGATURE NECKLESS A E	Uni.: ; MUFI: 3.0
EFA2	anecklessvlig	LATIN SMALL LIGATURE NECKLESS A V	Uni.: ; MUFI: 3.0
EFA3	aflig	LATIN SMALL LIGATURE AF	Uni.: ; MUFI: 3.0
EFA4	afinslig	LATIN SMALL LIGATURE A INSULAR F	Uni.: ; MUFI: 3.0
EFA5	aglig	LATIN SMALL LIGATURE AG	Uni.: ; MUFI: 3.0
EFA6	allig	LATIN SMALL LIGATURE AL	Uni.: ; MUFI: 3.0
EFA7	anlig	LATIN SMALL LIGATURE AN	Uni.: ; MUFI: 3.0
EFA8	anscaplig	LATIN SMALL LIGATURE A SMALL CAPITAL N	Uni.: ; MUFI: 3.0
EFA9	aplig	LATIN SMALL LIGATURE AP	Uni.: ; MUFI: 3.0
EFAA	arlig	LATIN SMALL LIGATURE AR	Uni.: ; MUFI: 3.0
EFAB	arscaplig	LATIN SMALL LIGATURE A SMALL CAPITAL R	Uni.: ; MUFI: 3.0
EFAC	athornlig	LATIN SMALL LIGATURE A THORN	Uni.: ; MUFI: 3.0
EFAD	oclig	LATIN SMALL LIGATURE OC	Uni.: ; MUFI: 3.0
EFAE	AnecklessElig	LATIN CAPITAL LIGATURE NECKLESS A E	Uni.: ; MUFI: 3.0
EFD8	uuligdblac	LATIN SMALL LIGATURE UU WITH DOUBLE ACUTE	Uni.: ; MUFI: 4.0 auto
EFD9	UUligdblac	LATIN CAPITAL LIGATURE UU WITH DOUBLE ACUTE 	Uni.: ; MUFI: 4.0 auto
EFDB	AEligdotacute	LATIN CAPITAL LETTER AE WITH DOT ABOVE AND ACUTE	Uni.: ; MUFI: 4.0 auto
EFDC	aeligdotacute	LATIN SMALL LETTER AE WITH DOT ABOVE AND ACUTE	Uni.: ; MUFI: 4.0 auto
EFDD	oeligenl	LATIN ENLARGED LETTER SMALL LIGATURE OE	Uni.: ; MUFI: 3.0
EFDE	aoligenl	LATIN ENLARGED LETTER SMALL LIGATURE AO	Uni.: ; MUFI: 3.0
EFDF	aaligenl	LATIN ENLARGED LETTER SMALL LIGATURE AA	Uni.: ; MUFI: 3.0
EFE0	AAligacute	LATIN CAPITAL LIGATURE AA WITH ACUTE	Uni.: ; MUFI: 3.0
EFE1	aaligacute	LATIN SMALL LIGATURE AA WITH ACUTE	Uni.: ; MUFI: 3.0
EFE2	AOligacute	LATIN CAPITAL LIGATURE AO WITH ACUTE	Uni.: ; MUFI: 3.0
EFE3	aoligacute	LATIN SMALL LIGATURE AO WITH ACUTE	Uni.: ; MUFI: 3.0
EFE4	AUligacute	LATIN CAPITAL LIGATURE AU WITH ACUTE	Uni.: ; MUFI: 3.0
EFE5	auligacute	LATIN SMALL LIGATURE AU WITH ACUTE	Uni.: ; MUFI: 3.0
EFE6	AVligacute	LATIN CAPITAL LIGATURE AV WITH ACUTE	Uni.: ; MUFI: 3.0
EFE7	avligacute	LATIN SMALL LIGATURE AV WITH ACUTE	Uni.: ; MUFI: 3.0
EFE8	OOligacute	LATIN CAPITAL LIGATURE OO WITH ACUTE	Uni.: ; MUFI: 3.0
EFE9	ooligacute	LATIN SMALL LIGATURE OO WITH ACUTE	Uni.: ; MUFI: 3.0
EFEA	AAligdblac	LATIN CAPITAL LIGATURE AA WITH DOUBLE ACUTE	Uni.: ; MUFI: 3.0
EFEB	aaligdblac	LATIN SMALL LIGATURE AA WITH DOUBLE ACUTE	Uni.: ; MUFI: 3.0
EFEC	OOligdblac	LATIN CAPITAL LIGATURE OO WITH DOUBLE ACUTE	Uni.: ; MUFI: 3.0
EFED	ooligdblac	LATIN SMALL LIGATURE OO WITH DOUBLE ACUTE	Uni.: ; MUFI: 3.0
EFEE	AAligdot	LATIN CAPITAL LIGATURE AA WITH DOT ABOVE	Uni.: ; MUFI: 3.0
EFEF	aaligdot	LATIN SMALL LIGATURE AA WITH DOT ABOVE	Uni.: ; MUFI: 3.0
EFF0	AYligdot	LATIN CAPITAL LIGATURE AY WITH DOT ABOVE	Uni.: ; MUFI: 3.0
EFF1	ayligdot	LATIN SMALL LIGATURE AY WITH DOT ABOVE	Uni.: ; MUFI: 3.0
EFF2	AAligdotbl	LATIN CAPITAL LIGATURE AA WITH DOT BELOW	Uni.: ; MUFI: 3.0
EFF3	aaligdotbl	LATIN SMALL LIGATURE AA WITH DOT BELOW	Uni.: ; MUFI: 3.0
EFF4	AOligdotbl	LATIN CAPITAL LIGATURE AO WITH DOT BELOW	Uni.: ; MUFI: 3.0
EFF5	aoligdotbl	LATIN SMALL LIGATURE AO WITH DOT BELOW	Uni.: ; MUFI: 3.0
EFF6	AUligdotbl	LATIN CAPITAL LIGATURE AU WITH DOT BELOW	Uni.: ; MUFI: 3.0
EFF7	auligdotbl	LATIN SMALL LIGATURE AU WITH DOT BELOW	Uni.: ; MUFI: 3.0
EFF8	AVligdotbl	LATIN CAPITAL LIGATURE AV WITH DOT BELOW	Uni.: ; MUFI: 3.0
EFF9	avligdotbl	LATIN SMALL LIGATURE AV WITH DOT BELOW	Uni.: ; MUFI: 3.0
EFFA	AYligdotbl	LATIN CAPITAL LIGATURE AY WITH DOT BELOW	Uni.: ; MUFI: 3.0
EFFB	ayligdotbl	LATIN SMALL LIGATURE AY WITH DOT BELOW	Uni.: ; MUFI: 3.0
EFFC	OOligdotbl	LATIN CAPITAL LIGATURE OO WITH DOT BELOW	Uni.: ; MUFI: 3.0
EFFD	ooligdotbl	LATIN SMALL LIGATURE OO WITH DOT BELOW	Uni.: ; MUFI: 3.0
EFFE	AAliguml	LATIN CAPITAL LIGATURE AA WITH DIAERESIS	Uni.: ; MUFI: 3.0
EFFF	aaliguml	LATIN SMALL LIGATURE AA WITH DIAERESIS	Uni.: ; MUFI: 3.0
F00A	macrhigh	COMBINING HIGH MACRON WITH FIXED HEIGHT (PART-WIDTH)	Uni.: ; MUFI: 3.0
F00B	macrmed	COMBINING MEDIUM-HIGH MACRON WITH FIXED HEIGHT (PART-WIDTH)	Uni.: ; MUFI: 3.0
F00C	ovlhigh	COMBINING HIGH OVERLINE WITH FIXED HEIGHT (FULL-WIDTH)	Uni.: ; MUFI: 3.0
F00D	ovlmed	COMBINING MEDIUM-HIGH OVERLINE WITH FIXED HEIGHT (FULL-WIDTH)	Uni.: ; MUFI: 3.0
F012	bsup	COMBINING LATIN SMALL LETTER B	Uni.: ; MUFI: 3.0
F013	bscapsup	COMBINING LATIN LETTER SMALL CAPITAL B	Uni.: ; MUFI: 3.0
F016	dscapsup	COMBINING LATIN LETTER SMALL CAPITAL D	Uni.: ; MUFI: 3.0
F017	fsup	COMBINING LATIN SMALL LETTER F	Uni.: ; MUFI: 3.0
F01C	kscapsup	COMBINING LATIN LETTER SMALL CAPITAL K	Uni.: ; MUFI: 3.0
F025	psup	COMBINING LATIN SMALL LETTER P	Uni.: ; MUFI: 3.0
F02A	tscapsup	COMBINING LATIN LETTER SMALL CAPITAL T	Uni.: ; MUFI: 3.0
F02B	ysup	COMBINING LATIN SMALL LETTER Y	Uni.: ; MUFI: 3.0
F02F	inodotsup	COMBINING LATIN SMALL LETTER DOTLESS I	Uni.: ; MUFI: 3.0
F030	jsup	COMBINING LATIN SMALL LETTER J	Uni.: ; MUFI: 3.0
F031	jnodotsup	COMBINING LATIN SMALL LETTER DOTLESS J	Uni.: ; MUFI: 3.0
F032	oslashsup	COMBINING LATIN LETTER SMALL O WITH STROKE	Uni.: ; MUFI: 3.0
F033	qsup	COMBINING LATIN SMALL LETTER Q	Uni.: ; MUFI: 3.0
F036	anligsup	COMBINING LATIN SMALL LIGATURE AN	Uni.: ; MUFI: 3.0
F038	arligsup	COMBINING LATIN SMALL LIGATURE AR	Uni.: ; MUFI: 3.0
F03A	anscapligsup	COMBINING LATIN SMALL LIGATURE A SMALL CAPITAL N	Uni.: ; MUFI: 3.0
F03B	trotsup	COMBINING LATIN LETTER T ROTUNDA	Uni.: ; MUFI: 3.0
F03C	wsup	COMBINING LATIN SMALL LETTER W	Uni.: ; MUFI: 3.0
F03D	thornsup	COMBINING LATIN SMALL LETTER THORN	Uni.: ; MUFI: 3.0
F03E	orrotsup	COMBINING LATIN SMALL LETTER O R ROTUNDA	Uni.: ; MUFI: 3.0
F03F	orumsup	COMBINING LATIN SMALL LETTER O RUM	Uni.: ; MUFI: 3.0
F040	rumsup	COMBINING LATIN SMALL LETTER RUM	Uni.: ; MUFI: 3.0
F106	Csqu	LATIN CAPITAL LETTER C SQUARE FORM	Uni.: ; MUFI: 3.0
F10A	Eunc	LATIN CAPITAL LETTER E UNCIAL FORM	Uni.: ; MUFI: 3.0
F10E	Gsqu	LATIN CAPITAL LETTER G SQUARE FORM	Uni.: ; MUFI: 3.0
F110	Hunc	LATIN CAPITAL LETTER UNCIAL H	Uni.: ; MUFI: 3.0
F11A	Munc	LATIN CAPITAL LETTER UNCIAL M	Uni.: ; MUFI: 3.0
F126	Sclose	LATIN CAPITAL LETTER S CLOSED FORM	Uni.: ; MUFI: 3.0
F127	slongdes	LATIN SMALL LETTER LONG S DESCENDING	Uni.: ; MUFI: 3.0
F128	sclose	LATIN SMALL LETTER S CLOSED FORM	Uni.: ; MUFI: 3.0
F130	arscapligsup	COMBINING LATIN SMALL LIGATURE A SMALL CAPITAL R	Uni.: ; MUFI: 3.0
F135	eogonsup	COMBINING LATIN SMALL LETTER E WITH OGONEK	Uni.: ; MUFI: 3.0
F136	emacrsup	COMBINING LATIN SMALL LETTER E WITH MACRON	Uni.: ; MUFI: 3.0
F13A	Asqu	LATIN CAPITAL LETTER A SQUARE FORM	Uni.: ; MUFI: 3.0
F13E	oogonsup	COMBINING LATIN SMALL LETTER O WITH OGONEK	Uni.: ; MUFI: 3.0
F13F	omacrsup	COMBINING LATIN SMALL LETTER O WITH MACRON	Uni.: ; MUFI: 3.0
F142	ET	LATIN ABBREVIATION SIGN CAPITAL ET	Uni.: ; MUFI: 3.0
F149	thornbarslash	LATIN SMALL LETTER THORN WITH DIAGONAL STROKE	Uni.: ; MUFI: 3.0
F153	urrot	COMBINING ABBREVIATION MARK SUPERSCRIPT UR ROUND R FORM	Uni.: ; MUFI: 3.0
F158	etslash	LATIN ABBREVIATION SIGN SMALL ET WITH STROKE	Uni.: ; MUFI: 3.0
F159	de	LATIN ABBREVIATION SIGN SMALL DE	Uni.: ; MUFI: 3.0
F160	punctinter	PUNCTUS INTERROGATIVUS	Uni.: ; MUFI: 3.0
F161	punctelev	PUNCTUS ELEVATUS	Uni.: ; MUFI: 3.0
F193	dcurl	LATIN SMALL LETTER D WITH CURL	Uni.: ; MUFI: 3.0
F194	fcurl	LATIN SMALL LETTER F WITH CURL	Uni.: ; MUFI: 3.0
F195	kcurl	LATIN SMALL LETTER K WITH CURL	Uni.: ; MUFI: 3.0
F196	gcurl	LATIN SMALL LETTER G WITH CURL	Uni.: ; MUFI: 3.0
F198	ccurl	LATIN SMALL LETTER C WITH CURL	Uni.: ; MUFI: 3.0
F199	tcurl	LATIN SMALL LETTER T WITH CURL	Uni.: ; MUFI: 3.0
F19A	nflour	LATIN SMALL LETTER N WITH FLOURISH	Uni.: ; MUFI: 3.0
F19B	rflour	LATIN SMALL LETTER R WITH FLOURISH	Uni.: ; MUFI: 3.0
F1A5	USbase	LATIN ABBREVIATION SIGN SPACING BASE-LINE CAPITAL US	Uni.: ; MUFI: 3.0
F1A6	usbase	LATIN ABBREVIATION SIGN SPACING BASE-LINE US	Uni.: ; MUFI: 3.0
F1A7	ETslash	LATIN ABBREVIATION SIGN CAPITAL ET WITH STROKE	Uni.: ; MUFI: 3.0
F1AC	sem	LATIN ABBREVIATION SIGN SEMICOLON	Uni.: ; MUFI: 3.0
F1BB	chlig	LATIN SMALL LIGATURE CH	Uni.: ; MUFI: 4.0 auto
F1BC	foumllig	LATIN SMALL LIGATURE F O WITH DIAERESIS	Uni.: ; MUFI: 3.0
F1BD	smallzero	SMALL BASE LINE ZERO SIGN	Uni.: ; MUFI: 3.0
F1BE	Vmod	MODIFIER CAPITAL LETTER V	Uni.: ; MUFI: 3.0
F1BF	Xmod	MODIFIER CAPITAL LETTER X	Uni.: ; MUFI: 3.0
F1C0	arbar	COMBINING ABBREVIATION MARK BAR ABOVE WITH DOT	Uni.: ; MUFI: 3.0
F1C1	rabar	COMBINING ABBREVIATION MARK SUPERSCRIPT RA OPEN A FORM WITH BAR ABOVE	Uni.: ; MUFI: 3.0
F1C2	urlemn	COMBINING ABBREVIATION MARK SUPERSCRIPT UR LEMNISKATE FORM	Uni.: ; MUFI: 3.0
F1C5	combcurlhigh	COMBINING CURL HIGH POSITION	Uni.: ; MUFI: 3.0
F1C7	erang	COMBINING ABBREVIATION MARK ZIGZAG ABOVE ANGLE FORM	Uni.: ; MUFI: 3.0
F1C8	ercurl	COMBINING ABBREVIATION MARK ZIGZAG ABOVE CURLY FORM	Uni.: ; MUFI: 3.0
F1CA	combdothigh	COMBINING DOT ABOVE HIGH POSITION	Uni.: ; MUFI: 3.0
F1CC	combcurlbar	COMBINING CURLY BAR ABOVE	Uni.: ; MUFI: 3.0
F1D2	tridagger	TRIPLE DAGGER	Uni.: ; MUFI: 4.0 auto
F1DA	midring	MIDDLE RING	Uni.: ; MUFI: 3.0
F1DB	ramus	PALM BRANCH	Uni.: ; MUFI: 3.0
F1E0	medcom	MEDIEVAL COMMA	Uni.: ; MUFI: 3.0
F1E1	parag	PARAGRAPHUS	Uni.: ; MUFI: 3.0
F1E2	posit	COMMA POSITURA	Uni.: ; MUFI: 3.0
F1E3	ductsimpl	HIGH COMMA POSITURA (SIMPLEX DUCTUS)	Uni.: ; MUFI: 3.0
F1E4	punctposit	PUNCTUS WITH COMMA POSITURA	Uni.: ; MUFI: 3.0
F1E5	colmidcomposit	COLON WITH MIDDLE COMMA POSITURA	Uni.: ; MUFI: 3.0
F1E6	tridotscomposit	THREE DOTS WITH COMMA POSITURA	Uni.: ; MUFI: 3.0
F1E7	punctexclam	PUNCTUS EXCLAMATIVUS	Uni.: ; MUFI: 3.0
F1E8	punctintertilde	PUNCTUS INTERROGATIVUS HORIZONTAL TILDE	Uni.: ; MUFI: 3.0
F1EA	punctvers	PUNCTUS VERSUS	Uni.: ; MUFI: 3.0
F1EC	renvoi	SIGNE DE RENVOI	Uni.: ; MUFI: 3.0
F1F0	punctelevdiag	PUNCTUS ELEVATUS DIAGONAL STROKE	Uni.: ; MUFI: 3.0
F1F1	punctinterlemn	PUNCTUS INTERROGATIVUS LEMNISKATE FORM	Uni.: ; MUFI: 3.0
F1F2	bidotscomposit	TWO DOTS OVER COMMA POSITURA	Uni.: ; MUFI: 3.0
F1F4	virgsusp	VIRGULA SUSPENSIVA	Uni.: ; MUFI: 3.0
F1F5	punctflex	PUNCTUS FLEXUS	Uni.: ; MUFI: 3.0
F1F7	virgmin	SHORT VIRGULA	Uni.: ; MUFI: 3.0
F1F8	hidot	DISTINCTIO	Uni.: ; MUFI: 3.0
F1F9	wavylin	WAVY LINE	Uni.: ; MUFI: 3.0
F1FA	punctelevhiback	PUNCTUS ELEVATUS WITH HIGH BACK	Uni.: ; MUFI: 3.0
F1FB	punctelevhack	PUNCTUS ELEVATUS WITH ONSET	Uni.: ; MUFI: 3.0
F1FC	combtripbrevebl	COMBINING TRIPLE BREVE BELOW	Uni.: ; MUFI: 3.0
F200	ains	LATIN SMALL LETTER A INSULAR FORM	Uni.: ; MUFI: 3.0
F201	Ains	LATIN CAPITAL LETTER A INSULAR FORM	Uni.: ; MUFI: 3.0
F202	aopen	LATIN SMALL LETTER OPEN A CAROLINGIAN FORM	Uni.: ; MUFI: 3.0
F203	aclose	LATIN SMALL LETTER CLOSED A GOTHIC FORM	Uni.: ; MUFI: 3.0
F204	aeligred	LATIN SMALL LETTER AE WITH RIGHT UPPER LOOP	Uni.: ; MUFI: 3.0
F205	AOligred	LATIN CAPITAL LIGATURE AO NECKLESS	Uni.: ; MUFI: 3.0
F206	aoligred	LATIN SMALL LIGATURE AO NECKLESS	Uni.: ; MUFI: 3.0
F207	finsclose	LATIN SMALL LETTER CLOSED INSULAR F	Uni.: ; MUFI: 3.0
F208	kunc	LATIN LETTER UNCIAL K	Uni.: ; MUFI: 3.0
F209	kclose	LATIN SMALL LETTER K CLOSED FORM	Uni.: ; MUFI: 3.0
F214	aunc	LATIN SMALL LETTER A UNCIAL FORM	Uni.: ; MUFI: 3.0
F215	aneckless	LATIN SMALL LETTER NECKLESS A	Uni.: ; MUFI: 3.0
F217	Euncclose	LATIN CAPITAL LETTER CLOSED E UNCIAL FORM	Uni.: ; MUFI: 3.0
F218	eunc	LATIN SMALL LETTER E UNCIAL FORM	Uni.: ; MUFI: 3.0
F219	eext	LATIN SMALL LETTER E EXTENDED BAR FORM	Uni.: ; MUFI: 3.0
F21A	etall	LATIN SMALL LETTER E TALL FORM	Uni.: ; MUFI: 3.0
F21B	finssemiclose	LATIN SMALL LETTER SEMI-CLOSED INSULAR F	Uni.: ; MUFI: 3.0
F21C	finsdothook	LATIN SMALL LETTER INSULAR F WITH DOTTED HOOKS	Uni.: ; MUFI: 3.0
F21D	gdivloop	LATIN SMALL LETTER G WITH SEPARATE LOOPS	Uni.: ; MUFI: 3.0
F21E	glglowloop	LATIN SMALL LETTER CLOSED G WITH LARGE LOWER LOOP	Uni.: ; MUFI: 3.0
F21F	gsmlowloop	LATIN SMALL LETTER CLOSED G WITH SMALL LOWER LOOP	Uni.: ; MUFI: 3.0
F220	ilong	LATIN SMALL LETTER LONG I	Uni.: ; MUFI: 3.0
F221	ksemiclose	LATIN SMALL LETTER K SEMI-CLOSED FORM	Uni.: ; MUFI: 3.0
F222	ldes	LATIN SMALL LETTER L DESCENDING	Uni.: ; MUFI: 3.0
F223	mrdes	LATIN SMALL LETTER M WITH RIGHT DESCENDER	Uni.: ; MUFI: 3.0
F224	Muncdes	LATIN CAPITAL LETTER UNCIAL M WITH RIGHT DESCENDER	Uni.: ; MUFI: 3.0
F225	munc	LATIN MEDIUSCULE LETTER M UNCIAL FORM	Uni.: ; MUFI: 3.0
F226	muncdes	LATIN SMALL LETTER UNCIAL M WITH RIGH DESCENDER	Uni.: ; MUFI: 3.0
F228	nrdes	LATIN SMALL LETTER N WITH RIGHT DESCENDER	Uni.: ; MUFI: 3.0
F229	Nrdes	LATIN CAPITAL LETTER N WITH RIGHT DESCENDER	Uni.: ; MUFI: 3.0
F22A	nscaprdes	LATIN LETTER SMALL CAPITAL N WITH RIGHT DESCENDER	Uni.: ; MUFI: 3.0
F22B	nscapldes	LATIN LETTER SMALL CAPITAL N WITH LEFT DESCENDER	Uni.: ; MUFI: 3.0
F22C	Qstem	LATIN CAPITAL LETTER Q WITH STEM	Uni.: ; MUFI: 3.0
F232	xldes	LATIN SMALL LETTER X WITH LEFT DESCENDER	Uni.: ; MUFI: 3.0
F233	yrgmainstrok	LATIN SMALL LETTER Y WITH RIGHT MAIN STROKE	Uni.: ; MUFI: 3.0
F23A	hrdes	LATIN SMALL LETTER H WITH RIGHT DESCENDER	Uni.: ; MUFI: 3.0
F23C	munc	LATIN SMALL LETTER M UNCIAL FORM	Uni.: ; MUFI: 4.0 auto
F23D	muncrdes	LATIN SMALL LETTER M UNCIAL FORM WITH RIGHT DESCENDER	Uni.: ; MUFI: 4.0 auto
F23E	muncacute	LATIN SMALL LETTER M UNCIAL FORM WITH ACUTE ACCENT	Uni.: ; MUFI: 4.0 auto
F23F	romnumCrevovl	ROMAN NUMERAL REVERSED ONE HUNDRED WITH OVERLINE	Uni.: ; MUFI: 3.0
F2E0	romaslibr	LATIN AS LIBRALIS SIGN	Uni.: ; MUFI: 3.0
F2E2	romscapxbar	LATIN SMALL CAPITAL LETTER X WITH BAR	Uni.: ; MUFI: 3.0
F2E3	romscapybar	LATIN SMALL CAPITAL LETTER Y WITH BAR	Uni.: ; MUFI: 3.0
F2E4	romscapdslash	LATIN SMALL CAPITAL LETTER D WITH SLASH	Uni.: ; MUFI: 3.0
F2E6	dram	PHARMACEUTICAL DRAM SIGN	Uni.: ; MUFI: 3.0
F2E7	ecu	ECU SIGN	Uni.: ; MUFI: 3.0
F2E8	florloop	FLOREN SIGN WITH LOOP	Uni.: ; MUFI: 3.0
F2E9	grosch	GROSCHEN SIGN	Uni.: ; MUFI: 3.0
F2EA	libradut	DUTCH LIBRA SIGN	Uni.: ; MUFI: 3.0
F2EB	librafren	FRENCH LIBRA SIGN	Uni.: ; MUFI: 3.0
F2EC	libraital	ITALIAN LIBRA SIGN	Uni.: ; MUFI: 3.0
F2ED	libraflem	FLEMISH LIBRA SIGN	Uni.: ; MUFI: 3.0
F2EE	liranuov	LIRA NUOVA SIGN	Uni.: ; MUFI: 3.0
F2EF	lirasterl	LIRA STERLINA SIGN	Uni.: ; MUFI: 3.0
F2F0	markold	OLD MARK SIGN	Uni.: ; MUFI: 3.0
F2F1	markflour	OLD FLOURISH MARK SIGN	Uni.: ; MUFI: 3.0
F2F2	msign	MARKED SMALL LETTER M SIGN	Uni.: ; MUFI: 3.0
F2F3	msignflour	FLOURISHED SMALL LETTER M SIGN	Uni.: ; MUFI: 3.0
F2F4	obol	PHARMACEUTICAL OBOLUS SIGN	Uni.: ; MUFI: 3.0
F2F5	penningar	PENNING SIGN	Uni.: ; MUFI: 3.0
F2F6	reichtalold	OLD REICHSTALER SIGN	Uni.: ; MUFI: 3.0
F2F7	schillgerm	GERMAN SCHILLING SIGN	Uni.: ; MUFI: 3.0
F2F8	schillgermscript	GERMAN SCRIPT SCHILLING SIGN	Uni.: ; MUFI: 3.0
F2F9	scudi	SCUDI SIGN	Uni.: ; MUFI: 3.0
F2FA	krone	KRONE SIGN	Uni.: ; MUFI: 4.0 auto
F2FB	helbing	HELBING SIGN	Uni.: ; MUFI: 4.0 auto
F2FD	ouncescript	SCRIPT OUNCE SIGN	Uni.: ; MUFI: 3.0
F2FE	Cnumbar	ROMAN NUMERAL CAPITAL C WITH TWO BARS	Uni.: ; MUFI: 4.0 auto
F2FF	cnumbar	ROMAN NUMERAL SMALL C WITH TWO BARS	Uni.: ; MUFI: 4.0 auto
F4F9	lllig	LATIN SMALL LIGATURE LL	Uni.: ; MUFI: 3.0
F4FA	slongchlig	LATIN SMALL LIGATURE LONG S CH	Uni.: ; MUFI: 3.0
F4FB	slongjlig	LATIN SMALL LIGATURE LONG S J	Uni.: ; MUFI: 3.0
F4FC	slongklig	LATIN SMALL LIGATURE LONG S K	Uni.: ; MUFI: 3.0
F4FD	slongslig	LATIN SMALL LIGATURE LONG S S	Uni.: ; MUFI: 3.0
F4FE	slongslongklig	LATIN SMALL LIGATURE LONG S LONG S K	Uni.: ; MUFI: 3.0
F4FF	slongslongtlig	LATIN SMALL LIGATURE LONG S LONG S T	Uni.: ; MUFI: 3.0
F700	metrmacr	METRICAL SYMBOL LONGUM	Uni.:; MUFI: 3.0
F701	metrbreve	METRICAL SYMBOL BREVE	Uni.:; MUFI: 3.0
F702	metrmacrbreve	METRICAL SYMBOL BREVE ABOVE LONGUM (SHORT OR LONG SYLLABLE)	Uni.: ; MUFI: 3.0
F703	metrbrevemacr	METRICAL SYMBOL LONGUM ABOVE BREVE (SHORT OR LONG SYLLABLE)	Uni.: ; MUFI: 3.0
F704	metrmacracute	METRICAL SYMBOL LONGUM WITH ACUTE (PRIMARY STRESS)	Uni.:; MUFI: 3.0
F705	metrmacrgrave	METRICAL SYMBOL LONGUM WITH GRAVE (SECONDARY STRESS)	Uni.:; MUFI: 3.0
F706	metrbreveacute	METRICAL SYMBOL BREVE WITH ACUTE (PRIMARY STRESS)	Uni.:; MUFI: 3.0
F707	metrbrevegrave	METRICAL SYMBOL BREVE WITH GRAVE (SECONDARY STRESS)	Uni.:; MUFI: 3.0
F708	metrmacrbreveacute	METRICAL SYMBOL BREVE ABOVE LONGUM WITH ACUTE (SHORT OR LONG SYLLABLE WITH PRIMARY STRESS)	Uni.: ; MUFI: 3.0
F709	metrmacrbrevegrave	METRICAL SYMBOL BREVE ABOVE LONGUM WITH GRAVE (SHORT OR LONG SYLLABLE WITH SECONDARY STRESS)	Uni.: ; MUFI: 3.0
F70A	metranc	METRICAL SYMBOL ANCEPS	Uni.: ; MUFI: 3.0
F70B	metrancacute	METRICAL SYMBOL ANCEPS WITH ACUTE (PRIMARY STRESS)	Uni.:; MUFI: 3.0
F70C	metrancgrave	METRICAL SYMBOL ANCEPS WITH GRAVE (SECONDARY STRESS)	Uni.:; MUFI: 3.0
F714	metrpause	METRICAL SYMBOL PAUSE	Uni.: ; MUFI: 3.0
F715	metrmacrdblac	METRICAL SYMBOL LONGUM WITH DOUBLE ACUTE (SECONDARY STRESS)	Uni.: ; MUFI: 3.0
F716	metrmacrdblgrave	METRICAL SYMBOL LONGUM WITH DOUBLE GRAVE (SECONDARY STRESS AND ALLITERATION)	Uni.: ; MUFI: 3.0
F717	metrbrevedblac	METRICAL SYMBOL BREVE WITH DOUBLE ACUTE (PRIMARY STRESS AND ALLITERATION)	Uni.: ; MUFI: 3.0
F718	metrbrevedblgrave	METRICAL SYMBOL BREVE WITH DOUBLE GRAVE (SECONDARY STRESS AND ALLITERATION)	Uni.: ; MUFI: 3.0
F719	metrancdblac	METRICAL SYMBOL ANCEPS WITH DOUBLE ACUTE (PRIMARY STRESS AND ALLITERATION)	Uni.: ; MUFI: 3.0
F71A	metrancdblgrave	METRICAL SYMBOL ANCEPS WITH DOUBLE GRAVE (SECONDARY STRESS AND ALLITERATION)	Uni.: ; MUFI: 3.0
F71B	metrdblbrevemacracute	METRICAL SYMBOL RESOLVED LIFT WITH ACUTE (PRIMARY STRESS)	Uni.: ; MUFI: 3.0
F71C	metrdblbrevemacrdblac	METRICAL SYMBOL RESOLVED LIFT WITH DOUBLE ACUTE (PRIMARY STRESS AND ALLITERATION)	Uni.: ; MUFI: 3.0
F72E	metrdblbrevemacr	METRICAL SYMBOL RESOLVED LIFT	Uni.: ; MUFI: 3.0
F7B2	Vovlhigh	LATIN CAPITAL LETTER V WITH HIGH OVERLINE (ABOVE CHARACTER)	Uni.: ; MUFI: 3.0
F7B3	Xovlhigh	LATIN CAPITAL LETTER X WITH HIGH OVERLINE (ABOVE CHARACTER)	Uni.: ; MUFI: 3.0
F7B4	Lovlhigh	LATIN CAPITAL LETTER L WITH HIGH OVERLINE (ABOVE CHARACTER)	Uni.: ; MUFI: 3.0
F7B5	Covlhigh	LATIN CAPITAL LETTER C WITH HIGH OVERLINE (ABOVE CHARACTER)	Uni.: ; MUFI: 3.0
F7B6	Dovlhigh	LATIN CAPITAL LETTER D WITH HIGH OVERLINE (ABOVE CHARACTER)	Uni.: ; MUFI: 3.0
FB00	fflig	LATIN SMALL LIGATURE FF	Uni.: 5.1; MUFI: 3.0	ff
FB01	filig	LATIN SMALL LIGATURE FI	Uni.: 5.1; MUFI: 3.0	fi
FB02	fllig	LATIN SMALL LIGATURE FL	Uni.: 5.1; MUFI: 3.0	fl
FB03	ffilig	LATIN SMALL LIGATURE FFI	Uni.: ; MUFI: 4.0 auto
FB04	ffllig	LATIN SMALL LIGATURE FFL	Uni.: ; MUFI: 4.0 auto
FB05	slongtlig	LATIN SMALL LIGATURE LONG S T	Uni.: 5.1; MUFI: 3.0	t
FB06	stlig	LATIN SMALL LIGATURE ST	Uni.: 5.1; MUFI: 3.0	st
